canonical_term,category,official_source,source_document,duplicate_term,ambiguous_category,low_confidence_extraction,possible_ocr_issue,details
Aglianico del Vulture,appellation,specification,WSET_L3_Specification_Official_2026.pdf,true,false,false,false,duplicate_term
Aglianico del Vulture,appellation,study-guide,WSET_L3_Study_Guide_Official_2026.pdf,true,false,false,false,duplicate_term
Alsace Grand Cru,appellation,specification,WSET_L3_Specification_Official_2026.pdf,true,false,false,false,duplicate_term
Alsace Grand Cru,appellation,study-guide,WSET_L3_Study_Guide_Official_2026.pdf,true,false,false,false,duplicate_term
Amarone della Valpolicella,appellation,specification,WSET_L3_Specification_Official_2026.pdf,true,false,false,false,duplicate_term
Amarone della Valpolicella,appellation,study-guide,WSET_L3_Study_Guide_Official_2026.pdf,true,false,false,false,duplicate_term
Anjou,appellation,specification,WSET_L3_Specification_Official_2026.pdf,true,false,false,false,duplicate_term
Anjou,appellation,study-guide,WSET_L3_Study_Guide_Official_2026.pdf,true,false,false,false,duplicate_term
Asti,appellation,specification,WSET_L3_Specification_Official_2026.pdf,true,false,false,false,duplicate_term
Asti,appellation,study-guide,WSET_L3_Study_Guide_Official_2026.pdf,true,false,false,false,duplicate_term
Bandol,appellation,specification,WSET_L3_Specification_Official_2026.pdf,true,false,false,false,duplicate_term
Bandol,appellation,study-guide,WSET_L3_Study_Guide_Official_2026.pdf,true,false,false,false,duplicate_term
Barbaresco,appellation,specification,WSET_L3_Specification_Official_2026.pdf,true,false,false,false,duplicate_term
Barbaresco,appellation,study-guide,WSET_L3_Study_Guide_Official_2026.pdf,true,false,false,false,duplicate_term
Barbera d’Asti,appellation,specification,WSET_L3_Specification_Official_2026.pdf,true,false,false,false,duplicate_term
Barbera d’Asti,appellation,study-guide,WSET_L3_Study_Guide_Official_2026.pdf,true,false,false,true,duplicate_term; possible_ocr_issue: Barbera d’Asti
Barolo,appellation,specification,WSET_L3_Specification_Official_2026.pdf,true,false,false,false,duplicate_term
Barolo,appellation,study-guide,WSET_L3_Study_Guide_Official_2026.pdf,true,false,false,false,duplicate_term
Barsac,appellation,specification,WSET_L3_Specification_Official_2026.pdf,true,false,false,false,duplicate_term
Barsac,appellation,study-guide,WSET_L3_Study_Guide_Official_2026.pdf,true,false,false,false,duplicate_term
Beaujolais Villages,appellation,specification,WSET_L3_Specification_Official_2026.pdf,true,false,false,false,duplicate_term
Beaujolais Villages,appellation,study-guide,WSET_L3_Study_Guide_Official_2026.pdf,true,false,false,false,duplicate_term
Bergerac,appellation,specification,WSET_L3_Specification_Official_2026.pdf,true,false,false,false,duplicate_term
Bergerac,appellation,study-guide,WSET_L3_Study_Guide_Official_2026.pdf,true,false,false,false,duplicate_term
Bolgheri,appellation,specification,WSET_L3_Specification_Official_2026.pdf,true,false,false,false,duplicate_term
Bolgheri,appellation,study-guide,WSET_L3_Study_Guide_Official_2026.pdf,true,false,false,false,duplicate_term
Bordeaux Supérieur,appellation,specification,WSET_L3_Specification_Official_2026.pdf,true,false,false,false,duplicate_term
Bordeaux Supérieur,appellation,study-guide,WSET_L3_Study_Guide_Official_2026.pdf,true,false,false,true,duplicate_term; possible_ocr_issue: Bordeaux Superieur
Bourgogne,appellation,specification,WSET_L3_Specification_Official_2026.pdf,true,false,false,false,duplicate_term
Bourgogne,appellation,study-guide,WSET_L3_Study_Guide_Official_2026.pdf,true,false,false,false,duplicate_term
Bourgueil,appellation,specification,WSET_L3_Specification_Official_2026.pdf,true,false,false,false,duplicate_term
Bourgueil,appellation,study-guide,WSET_L3_Study_Guide_Official_2026.pdf,true,false,false,false,duplicate_term
Brouilly,appellation,specification,WSET_L3_Specification_Official_2026.pdf,true,false,false,false,duplicate_term
Brouilly,appellation,study-guide,WSET_L3_Study_Guide_Official_2026.pdf,true,false,false,false,duplicate_term
Brunello di Montalcino,appellation,specification,WSET_L3_Specification_Official_2026.pdf,true,false,false,false,duplicate_term
Brunello di Montalcino,appellation,study-guide,WSET_L3_Study_Guide_Official_2026.pdf,true,false,false,false,duplicate_term
Cahors,appellation,specification,WSET_L3_Specification_Official_2026.pdf,true,false,false,false,duplicate_term
Cahors,appellation,study-guide,WSET_L3_Study_Guide_Official_2026.pdf,true,false,false,false,duplicate_term
Cava,appellation,specification,WSET_L3_Specification_Official_2026.pdf,true,false,false,false,duplicate_term
Cava,appellation,study-guide,WSET_L3_Study_Guide_Official_2026.pdf,true,false,false,false,duplicate_term
Chablis,appellation,specification,WSET_L3_Specification_Official_2026.pdf,true,false,false,false,duplicate_term
Chablis,appellation,study-guide,WSET_L3_Study_Guide_Official_2026.pdf,true,false,false,false,duplicate_term
Châteauneuf-du-Pape,appellation,specification,WSET_L3_Specification_Official_2026.pdf,true,false,false,false,duplicate_term
Châteauneuf-du-Pape,appellation,study-guide,WSET_L3_Study_Guide_Official_2026.pdf,true,false,false,true,duplicate_term; possible_ocr_issue: Chateauneuf-du-Pape
Chianti,appellation,specification,WSET_L3_Specification_Official_2026.pdf,true,false,false,false,duplicate_term
Chianti,appellation,study-guide,WSET_L3_Study_Guide_Official_2026.pdf,true,false,false,false,duplicate_term
Chianti Classico,appellation,specification,WSET_L3_Specification_Official_2026.pdf,true,false,false,false,duplicate_term
Chianti Classico,appellation,study-guide,WSET_L3_Study_Guide_Official_2026.pdf,true,false,false,false,duplicate_term
Chinon,appellation,specification,WSET_L3_Specification_Official_2026.pdf,true,false,false,false,duplicate_term
Chinon,appellation,study-guide,WSET_L3_Study_Guide_Official_2026.pdf,true,false,false,false,duplicate_term
Collio,appellation,specification,WSET_L3_Specification_Official_2026.pdf,true,false,false,false,duplicate_term
Collio,appellation,study-guide,WSET_L3_Study_Guide_Official_2026.pdf,true,false,false,false,duplicate_term
Condrieu,appellation,specification,WSET_L3_Specification_Official_2026.pdf,true,false,false,false,duplicate_term
Condrieu,appellation,study-guide,WSET_L3_Study_Guide_Official_2026.pdf,true,false,false,false,duplicate_term
Conegliano-Valdobbiadene,appellation,specification,WSET_L3_Specification_Official_2026.pdf,true,false,false,false,duplicate_term
Conegliano-Valdobbiadene,appellation,study-guide,WSET_L3_Study_Guide_Official_2026.pdf,true,false,false,false,duplicate_term
Cornas,appellation,specification,WSET_L3_Specification_Official_2026.pdf,true,false,false,false,duplicate_term
Cornas,appellation,study-guide,WSET_L3_Study_Guide_Official_2026.pdf,true,false,false,false,duplicate_term
Côte Rôtie,appellation,specification,WSET_L3_Specification_Official_2026.pdf,true,false,false,false,duplicate_term
Côte Rôtie,appellation,study-guide,WSET_L3_Study_Guide_Official_2026.pdf,true,false,false,true,duplicate_term; possible_ocr_issue: Cote Rotie
Coteaux du Layon,appellation,specification,WSET_L3_Specification_Official_2026.pdf,true,false,false,false,duplicate_term
Coteaux du Layon,appellation,study-guide,WSET_L3_Study_Guide_Official_2026.pdf,true,false,false,false,duplicate_term
Côtes de Bordeaux,appellation,specification,WSET_L3_Specification_Official_2026.pdf,true,false,false,false,duplicate_term
Côtes de Bordeaux,appellation,study-guide,WSET_L3_Study_Guide_Official_2026.pdf,true,false,false,true,duplicate_term; possible_ocr_issue: Cotes de Bordeaux
Côtes de Gascogne,appellation,specification,WSET_L3_Specification_Official_2026.pdf,true,false,false,false,duplicate_term
Côtes de Gascogne,appellation,study-guide,WSET_L3_Study_Guide_Official_2026.pdf,true,false,false,true,duplicate_term; possible_ocr_issue: Cotes de Gascogne
Côtes du Rhône,appellation,specification,WSET_L3_Specification_Official_2026.pdf,true,false,false,false,duplicate_term
Côtes du Rhône,appellation,study-guide,WSET_L3_Study_Guide_Official_2026.pdf,true,false,false,true,duplicate_term; possible_ocr_issue: Cotes du Rhone
Côtes du Rhône Villages,appellation,specification,WSET_L3_Specification_Official_2026.pdf,true,false,false,false,duplicate_term
Côtes du Rhône Villages,appellation,study-guide,WSET_L3_Study_Guide_Official_2026.pdf,true,false,false,true,duplicate_term; possible_ocr_issue: Cotes du Rhone Villages
Côtes du Roussillon,appellation,specification,WSET_L3_Specification_Official_2026.pdf,true,false,false,false,duplicate_term
Côtes du Roussillon,appellation,study-guide,WSET_L3_Study_Guide_Official_2026.pdf,true,false,false,true,duplicate_term; possible_ocr_issue: Cotes du Roussillon
Côtes du Roussillon Villages,appellation,specification,WSET_L3_Specification_Official_2026.pdf,true,false,false,false,duplicate_term
Côtes du Roussillon Villages,appellation,study-guide,WSET_L3_Study_Guide_Official_2026.pdf,true,false,false,true,duplicate_term; possible_ocr_issue: Cotes du Roussillon Villages
Crémant d’Alsace,appellation,specification,WSET_L3_Specification_Official_2026.pdf,true,false,false,false,duplicate_term
Crémant d’Alsace,appellation,study-guide,WSET_L3_Study_Guide_Official_2026.pdf,true,false,false,true,duplicate_term; possible_ocr_issue: Cremant d’Alsace
Crémant de Bourgogne,appellation,specification,WSET_L3_Specification_Official_2026.pdf,true,false,false,false,duplicate_term
Crémant de Bourgogne,appellation,study-guide,WSET_L3_Study_Guide_Official_2026.pdf,true,false,false,true,duplicate_term; possible_ocr_issue: Cremant de Bourgogne
Crémant de Loire,appellation,specification,WSET_L3_Specification_Official_2026.pdf,true,false,false,false,duplicate_term
Crémant de Loire,appellation,study-guide,WSET_L3_Study_Guide_Official_2026.pdf,true,false,false,true,duplicate_term; possible_ocr_issue: Cremant de Loire
Crozes-Hermitage,appellation,specification,WSET_L3_Specification_Official_2026.pdf,true,false,false,false,duplicate_term
Crozes-Hermitage,appellation,study-guide,WSET_L3_Study_Guide_Official_2026.pdf,true,false,false,false,duplicate_term
Dolcetto d’Alba,appellation,specification,WSET_L3_Specification_Official_2026.pdf,true,false,false,false,duplicate_term
Dolcetto d’Alba,appellation,study-guide,WSET_L3_Study_Guide_Official_2026.pdf,true,false,false,true,duplicate_term; possible_ocr_issue: Dolcetto d’Alba
Entre-Deux-Mers,appellation,specification,WSET_L3_Specification_Official_2026.pdf,true,false,false,false,duplicate_term
Entre-Deux-Mers,appellation,study-guide,WSET_L3_Study_Guide_Official_2026.pdf,true,false,false,false,duplicate_term
Fiano di Avellino,appellation,specification,WSET_L3_Specification_Official_2026.pdf,true,false,false,false,duplicate_term
Fiano di Avellino,appellation,study-guide,WSET_L3_Study_Guide_Official_2026.pdf,true,false,false,false,duplicate_term
Fitou,appellation,specification,WSET_L3_Specification_Official_2026.pdf,true,false,false,false,duplicate_term
Fitou,appellation,study-guide,WSET_L3_Study_Guide_Official_2026.pdf,true,false,false,false,duplicate_term
Fleurie,appellation,specification,WSET_L3_Specification_Official_2026.pdf,true,false,false,false,duplicate_term
Fleurie,appellation,study-guide,WSET_L3_Study_Guide_Official_2026.pdf,true,false,false,false,duplicate_term
Gavi,appellation,specification,WSET_L3_Specification_Official_2026.pdf,true,false,false,false,duplicate_term
Gavi,appellation,study-guide,WSET_L3_Study_Guide_Official_2026.pdf,true,false,false,false,duplicate_term
Gigondas,appellation,specification,WSET_L3_Specification_Official_2026.pdf,true,false,false,false,duplicate_term
Gigondas,appellation,study-guide,WSET_L3_Study_Guide_Official_2026.pdf,true,false,false,false,duplicate_term
Graves,appellation,specification,WSET_L3_Specification_Official_2026.pdf,true,false,false,false,duplicate_term
Graves,appellation,study-guide,WSET_L3_Study_Guide_Official_2026.pdf,true,false,false,false,duplicate_term
Hermitage,appellation,specification,WSET_L3_Specification_Official_2026.pdf,true,false,false,false,duplicate_term
Hermitage,appellation,study-guide,WSET_L3_Study_Guide_Official_2026.pdf,true,false,false,false,duplicate_term
IGP Pays d’Oc,appellation,specification,WSET_L3_Specification_Official_2026.pdf,true,false,false,true,duplicate_term; possible_ocr_issue: Pays d'Oc
IGP Pays d’Oc,appellation,study-guide,WSET_L3_Study_Guide_Official_2026.pdf,true,false,false,true,duplicate_term; possible_ocr_issue: Pays d'Oc
Madiran,appellation,specification,WSET_L3_Specification_Official_2026.pdf,true,false,false,false,duplicate_term
Madiran,appellation,study-guide,WSET_L3_Study_Guide_Official_2026.pdf,true,false,false,false,duplicate_term
Margaux,appellation,specification,WSET_L3_Specification_Official_2026.pdf,true,false,false,false,duplicate_term
Margaux,appellation,study-guide,WSET_L3_Study_Guide_Official_2026.pdf,true,false,false,false,duplicate_term
Médoc,appellation,specification,WSET_L3_Specification_Official_2026.pdf,true,false,false,false,duplicate_term
Médoc,appellation,study-guide,WSET_L3_Study_Guide_Official_2026.pdf,true,false,false,true,duplicate_term; possible_ocr_issue: Medoc
Menetou-Salon,appellation,specification,WSET_L3_Specification_Official_2026.pdf,true,false,false,false,duplicate_term
Menetou-Salon,appellation,study-guide,WSET_L3_Study_Guide_Official_2026.pdf,true,false,false,false,duplicate_term
Minervois,appellation,specification,WSET_L3_Specification_Official_2026.pdf,true,false,false,false,duplicate_term
Minervois,appellation,study-guide,WSET_L3_Study_Guide_Official_2026.pdf,true,false,false,false,duplicate_term
Monbazillac,appellation,specification,WSET_L3_Specification_Official_2026.pdf,true,false,false,false,duplicate_term
Monbazillac,appellation,study-guide,WSET_L3_Study_Guide_Official_2026.pdf,true,false,false,false,duplicate_term
Morgon,appellation,specification,WSET_L3_Specification_Official_2026.pdf,true,false,false,false,duplicate_term
Morgon,appellation,study-guide,WSET_L3_Study_Guide_Official_2026.pdf,true,false,false,false,duplicate_term
Muscadet,appellation,specification,WSET_L3_Specification_Official_2026.pdf,true,false,false,false,duplicate_term
Muscadet,appellation,study-guide,WSET_L3_Study_Guide_Official_2026.pdf,true,false,false,false,duplicate_term
Muscat de Beaumes-de-Venise,appellation,specification,WSET_L3_Specification_Official_2026.pdf,true,false,false,false,duplicate_term
Muscat de Beaumes-de-Venise,appellation,study-guide,WSET_L3_Study_Guide_Official_2026.pdf,true,false,false,false,duplicate_term
Nemea,appellation,specification,WSET_L3_Specification_Official_2026.pdf,true,false,false,false,duplicate_term
Nemea,appellation,study-guide,WSET_L3_Study_Guide_Official_2026.pdf,true,false,false,false,duplicate_term
Pauillac,appellation,specification,WSET_L3_Specification_Official_2026.pdf,true,false,false,false,duplicate_term
Pauillac,appellation,study-guide,WSET_L3_Study_Guide_Official_2026.pdf,true,false,false,false,duplicate_term
Pessac-Léognan,appellation,specification,WSET_L3_Specification_Official_2026.pdf,true,false,false,false,duplicate_term
Pessac-Léognan,appellation,study-guide,WSET_L3_Study_Guide_Official_2026.pdf,true,false,false,true,duplicate_term; possible_ocr_issue: Pessac-Leognan
Pomerol,appellation,specification,WSET_L3_Specification_Official_2026.pdf,true,false,false,false,duplicate_term
Pomerol,appellation,study-guide,WSET_L3_Study_Guide_Official_2026.pdf,true,false,false,false,duplicate_term
Pouilly-Fumé,appellation,specification,WSET_L3_Specification_Official_2026.pdf,true,false,false,false,duplicate_term
Pouilly-Fumé,appellation,study-guide,WSET_L3_Study_Guide_Official_2026.pdf,true,false,false,true,duplicate_term; possible_ocr_issue: Pouilly-Fume
Prosecco,appellation,specification,WSET_L3_Specification_Official_2026.pdf,true,false,false,false,duplicate_term
Prosecco,appellation,study-guide,WSET_L3_Study_Guide_Official_2026.pdf,true,false,false,false,duplicate_term
Ribera del Duero,appellation,specification,WSET_L3_Specification_Official_2026.pdf,true,false,false,false,duplicate_term
Ribera del Duero,appellation,study-guide,WSET_L3_Study_Guide_Official_2026.pdf,true,false,false,false,duplicate_term
Rioja,appellation,specification,WSET_L3_Specification_Official_2026.pdf,true,false,false,false,duplicate_term
Rioja,appellation,study-guide,WSET_L3_Study_Guide_Official_2026.pdf,true,false,false,false,duplicate_term
Rutherglen,appellation,specification,WSET_L3_Specification_Official_2026.pdf,true,false,false,false,duplicate_term
Rutherglen,appellation,study-guide,WSET_L3_Study_Guide_Official_2026.pdf,true,false,false,false,duplicate_term
Saint-Émilion,appellation,specification,WSET_L3_Specification_Official_2026.pdf,true,false,false,false,duplicate_term
Saint-Émilion,appellation,study-guide,WSET_L3_Study_Guide_Official_2026.pdf,true,false,false,true,duplicate_term; possible_ocr_issue: Saint-Emilion
Saint-Estèphe,appellation,specification,WSET_L3_Specification_Official_2026.pdf,true,false,false,false,duplicate_term
Saint-Estèphe,appellation,study-guide,WSET_L3_Study_Guide_Official_2026.pdf,true,false,false,true,duplicate_term; possible_ocr_issue: Saint-Estephe
Saint-Joseph,appellation,specification,WSET_L3_Specification_Official_2026.pdf,true,false,false,false,duplicate_term
Saint-Joseph,appellation,study-guide,WSET_L3_Study_Guide_Official_2026.pdf,true,false,false,false,duplicate_term
Saint-Julien,appellation,specification,WSET_L3_Specification_Official_2026.pdf,true,false,false,false,duplicate_term
Saint-Julien,appellation,study-guide,WSET_L3_Study_Guide_Official_2026.pdf,true,false,false,false,duplicate_term
Sancerre,appellation,specification,WSET_L3_Specification_Official_2026.pdf,true,false,false,false,duplicate_term
Sancerre,appellation,study-guide,WSET_L3_Study_Guide_Official_2026.pdf,true,false,false,false,duplicate_term
Sauternes,appellation,specification,WSET_L3_Specification_Official_2026.pdf,true,false,false,false,duplicate_term
Sauternes,appellation,study-guide,WSET_L3_Study_Guide_Official_2026.pdf,true,false,false,false,duplicate_term
Savennières,appellation,specification,WSET_L3_Specification_Official_2026.pdf,true,false,false,false,duplicate_term
Savennières,appellation,study-guide,WSET_L3_Study_Guide_Official_2026.pdf,true,false,false,true,duplicate_term; possible_ocr_issue: Savennieres
Soave,appellation,specification,WSET_L3_Specification_Official_2026.pdf,true,false,false,false,duplicate_term
Soave,appellation,study-guide,WSET_L3_Study_Guide_Official_2026.pdf,true,false,false,false,duplicate_term
Soave Classico,appellation,specification,WSET_L3_Specification_Official_2026.pdf,true,false,false,false,duplicate_term
Soave Classico,appellation,study-guide,WSET_L3_Study_Guide_Official_2026.pdf,true,false,false,false,duplicate_term
Taurasi,appellation,specification,WSET_L3_Specification_Official_2026.pdf,true,false,false,false,duplicate_term
Taurasi,appellation,study-guide,WSET_L3_Study_Guide_Official_2026.pdf,true,false,false,false,duplicate_term
Tavel,appellation,specification,WSET_L3_Specification_Official_2026.pdf,true,false,false,false,duplicate_term
Tavel,appellation,study-guide,WSET_L3_Study_Guide_Official_2026.pdf,true,false,false,false,duplicate_term
Touraine,appellation,specification,WSET_L3_Specification_Official_2026.pdf,true,false,false,false,duplicate_term
Touraine,appellation,study-guide,WSET_L3_Study_Guide_Official_2026.pdf,true,false,false,false,duplicate_term
Vacqueyras,appellation,specification,WSET_L3_Specification_Official_2026.pdf,true,false,false,false,duplicate_term
Vacqueyras,appellation,study-guide,WSET_L3_Study_Guide_Official_2026.pdf,true,false,false,false,duplicate_term
Valpolicella,appellation,specification,WSET_L3_Specification_Official_2026.pdf,true,false,false,false,duplicate_term
Valpolicella,appellation,study-guide,WSET_L3_Study_Guide_Official_2026.pdf,true,false,false,false,duplicate_term
Valpolicella Classico,appellation,specification,WSET_L3_Specification_Official_2026.pdf,true,false,false,false,duplicate_term
Valpolicella Classico,appellation,study-guide,WSET_L3_Study_Guide_Official_2026.pdf,true,false,false,false,duplicate_term
Vino Nobile di Montepulciano,appellation,specification,WSET_L3_Specification_Official_2026.pdf,true,false,false,false,duplicate_term
Vino Nobile di Montepulciano,appellation,study-guide,WSET_L3_Study_Guide_Official_2026.pdf,true,false,false,false,duplicate_term
Vouvray,appellation,specification,WSET_L3_Specification_Official_2026.pdf,true,false,false,false,duplicate_term
Vouvray,appellation,study-guide,WSET_L3_Study_Guide_Official_2026.pdf,true,false,false,false,duplicate_term
Agiorgitiko,grape_variety,specification,WSET_L3_Specification_Official_2026.pdf,true,false,false,false,duplicate_term
Agiorgitiko,grape_variety,study-guide,WSET_L3_Study_Guide_Official_2026.pdf,true,false,false,false,duplicate_term
Aglianico,grape_variety,specification,WSET_L3_Specification_Official_2026.pdf,true,false,false,false,duplicate_term
Aglianico,grape_variety,study-guide,WSET_L3_Study_Guide_Official_2026.pdf,true,false,false,false,duplicate_term
Airén,grape_variety,specification,WSET_L3_Specification_Official_2026.pdf,true,false,false,false,duplicate_term
Airén,grape_variety,study-guide,WSET_L3_Study_Guide_Official_2026.pdf,true,false,false,true,duplicate_term; possible_ocr_issue: Airen
Albariño,grape_variety,specification,WSET_L3_Specification_Official_2026.pdf,true,false,false,false,duplicate_term
Albariño,grape_variety,study-guide,WSET_L3_Study_Guide_Official_2026.pdf,true,false,false,true,duplicate_term; possible_ocr_issue: Albarino
Alfrocheiro,grape_variety,specification,WSET_L3_Specification_Official_2026.pdf,true,false,false,false,duplicate_term
Alfrocheiro,grape_variety,study-guide,WSET_L3_Study_Guide_Official_2026.pdf,true,false,false,false,duplicate_term
Alicante Bouschet,grape_variety,specification,WSET_L3_Specification_Official_2026.pdf,true,false,false,false,duplicate_term
Alicante Bouschet,grape_variety,study-guide,WSET_L3_Study_Guide_Official_2026.pdf,true,false,false,false,duplicate_term
Aligoté,grape_variety,study-guide,WSET_L3_Study_Guide_Official_2026.pdf,false,false,false,true,possible_ocr_issue: Aligote
Alvarinho,grape_variety,specification,WSET_L3_Specification_Official_2026.pdf,true,false,false,false,duplicate_term
Alvarinho,grape_variety,study-guide,WSET_L3_Study_Guide_Official_2026.pdf,true,false,false,false,duplicate_term
Arinto,grape_variety,specification,WSET_L3_Specification_Official_2026.pdf,true,false,false,false,duplicate_term
Arinto,grape_variety,study-guide,WSET_L3_Study_Guide_Official_2026.pdf,true,false,false,false,duplicate_term
Assyrtiko,grape_variety,specification,WSET_L3_Specification_Official_2026.pdf,true,false,false,false,duplicate_term
Assyrtiko,grape_variety,study-guide,WSET_L3_Study_Guide_Official_2026.pdf,true,false,false,false,duplicate_term
Baga,grape_variety,specification,WSET_L3_Specification_Official_2026.pdf,true,false,false,false,duplicate_term
Baga,grape_variety,study-guide,WSET_L3_Study_Guide_Official_2026.pdf,true,false,false,false,duplicate_term
Barbera,grape_variety,specification,WSET_L3_Specification_Official_2026.pdf,true,false,false,false,duplicate_term
Barbera,grape_variety,study-guide,WSET_L3_Study_Guide_Official_2026.pdf,true,false,false,false,duplicate_term
Blaufränkisch,grape_variety,specification,WSET_L3_Specification_Official_2026.pdf,true,false,false,false,duplicate_term
Blaufränkisch,grape_variety,study-guide,WSET_L3_Study_Guide_Official_2026.pdf,true,false,false,true,duplicate_term; possible_ocr_issue: Blaufrankisch
Bonarda,grape_variety,specification,WSET_L3_Specification_Official_2026.pdf,true,false,false,false,duplicate_term
Bonarda,grape_variety,study-guide,WSET_L3_Study_Guide_Official_2026.pdf,true,false,false,false,duplicate_term
Cabernet Franc,grape_variety,specification,WSET_L3_Specification_Official_2026.pdf,true,false,false,false,duplicate_term
Cabernet Franc,grape_variety,study-guide,WSET_L3_Study_Guide_Official_2026.pdf,true,false,false,false,duplicate_term
Cabernet Sauvignon,grape_variety,specification,WSET_L3_Specification_Official_2026.pdf,true,false,false,false,duplicate_term
Cabernet Sauvignon,grape_variety,study-guide,WSET_L3_Study_Guide_Official_2026.pdf,true,false,false,false,duplicate_term
Carignan,grape_variety,specification,WSET_L3_Specification_Official_2026.pdf,true,false,false,false,duplicate_term
Carignan,grape_variety,study-guide,WSET_L3_Study_Guide_Official_2026.pdf,true,false,false,false,duplicate_term
Cariñena,grape_variety,specification,WSET_L3_Specification_Official_2026.pdf,true,false,false,false,duplicate_term
Cariñena,grape_variety,study-guide,WSET_L3_Study_Guide_Official_2026.pdf,true,false,false,true,duplicate_term; possible_ocr_issue: Carinena
Carmenère,grape_variety,specification,WSET_L3_Specification_Official_2026.pdf,true,false,false,false,duplicate_term
Carmenère,grape_variety,study-guide,WSET_L3_Study_Guide_Official_2026.pdf,true,false,false,true,duplicate_term; possible_ocr_issue: Carmenere
Chardonnay,grape_variety,specification,WSET_L3_Specification_Official_2026.pdf,true,false,false,false,duplicate_term
Chardonnay,grape_variety,study-guide,WSET_L3_Study_Guide_Official_2026.pdf,true,false,false,false,duplicate_term
Chenin Blanc,grape_variety,specification,WSET_L3_Specification_Official_2026.pdf,true,false,false,false,duplicate_term
Chenin Blanc,grape_variety,study-guide,WSET_L3_Study_Guide_Official_2026.pdf,true,false,false,false,duplicate_term
Cinsault,grape_variety,specification,WSET_L3_Specification_Official_2026.pdf,true,false,false,false,duplicate_term
Cinsault,grape_variety,study-guide,WSET_L3_Study_Guide_Official_2026.pdf,true,false,false,false,duplicate_term
Cortese,grape_variety,specification,WSET_L3_Specification_Official_2026.pdf,true,false,false,false,duplicate_term
Cortese,grape_variety,study-guide,WSET_L3_Study_Guide_Official_2026.pdf,true,false,false,false,duplicate_term
Corvina,grape_variety,specification,WSET_L3_Specification_Official_2026.pdf,true,false,false,false,duplicate_term
Corvina,grape_variety,study-guide,WSET_L3_Study_Guide_Official_2026.pdf,true,false,false,false,duplicate_term
Dolcetto,grape_variety,specification,WSET_L3_Specification_Official_2026.pdf,true,false,false,false,duplicate_term
Dolcetto,grape_variety,study-guide,WSET_L3_Study_Guide_Official_2026.pdf,true,false,false,false,duplicate_term
Dornfelder,grape_variety,specification,WSET_L3_Specification_Official_2026.pdf,true,false,false,false,duplicate_term
Dornfelder,grape_variety,study-guide,WSET_L3_Study_Guide_Official_2026.pdf,true,false,false,false,duplicate_term
Fiano,grape_variety,specification,WSET_L3_Specification_Official_2026.pdf,true,false,false,false,duplicate_term
Fiano,grape_variety,study-guide,WSET_L3_Study_Guide_Official_2026.pdf,true,false,false,false,duplicate_term
Furmint,grape_variety,specification,WSET_L3_Specification_Official_2026.pdf,true,false,false,false,duplicate_term
Furmint,grape_variety,study-guide,WSET_L3_Study_Guide_Official_2026.pdf,true,false,false,false,duplicate_term
Gamay,grape_variety,specification,WSET_L3_Specification_Official_2026.pdf,true,false,false,false,duplicate_term
Gamay,grape_variety,study-guide,WSET_L3_Study_Guide_Official_2026.pdf,true,false,false,false,duplicate_term
Garganega,grape_variety,specification,WSET_L3_Specification_Official_2026.pdf,true,false,false,false,duplicate_term
Garganega,grape_variety,study-guide,WSET_L3_Study_Guide_Official_2026.pdf,true,false,false,false,duplicate_term
Gewurztraminer,grape_variety,specification,WSET_L3_Specification_Official_2026.pdf,true,false,false,false,duplicate_term
Gewurztraminer,grape_variety,study-guide,WSET_L3_Study_Guide_Official_2026.pdf,true,false,false,false,duplicate_term
Graciano,grape_variety,specification,WSET_L3_Specification_Official_2026.pdf,true,false,false,false,duplicate_term
Graciano,grape_variety,study-guide,WSET_L3_Study_Guide_Official_2026.pdf,true,false,false,false,duplicate_term
Grechetto,grape_variety,specification,WSET_L3_Specification_Official_2026.pdf,true,false,false,false,duplicate_term
Grechetto,grape_variety,study-guide,WSET_L3_Study_Guide_Official_2026.pdf,true,false,false,false,duplicate_term
Greco,grape_variety,specification,WSET_L3_Specification_Official_2026.pdf,true,false,false,false,duplicate_term
Greco,grape_variety,study-guide,WSET_L3_Study_Guide_Official_2026.pdf,true,false,false,false,duplicate_term
Grenache,grape_variety,specification,WSET_L3_Specification_Official_2026.pdf,true,false,false,false,duplicate_term
Grenache,grape_variety,study-guide,WSET_L3_Study_Guide_Official_2026.pdf,true,false,false,false,duplicate_term
Grüner Veltliner,grape_variety,specification,WSET_L3_Specification_Official_2026.pdf,true,false,false,false,duplicate_term
Grüner Veltliner,grape_variety,study-guide,WSET_L3_Study_Guide_Official_2026.pdf,true,false,false,true,duplicate_term; possible_ocr_issue: Gruner Veltliner
Hárslevelű,grape_variety,specification,WSET_L3_Specification_Official_2026.pdf,true,false,false,false,duplicate_term
Hárslevelű,grape_variety,study-guide,WSET_L3_Study_Guide_Official_2026.pdf,true,false,false,true,duplicate_term; possible_ocr_issue: Harslevelu
Jaen,grape_variety,specification,WSET_L3_Specification_Official_2026.pdf,true,false,false,false,duplicate_term
Jaen,grape_variety,study-guide,WSET_L3_Study_Guide_Official_2026.pdf,true,false,false,false,duplicate_term
Loureiro,grape_variety,specification,WSET_L3_Specification_Official_2026.pdf,true,false,false,false,duplicate_term
Loureiro,grape_variety,study-guide,WSET_L3_Study_Guide_Official_2026.pdf,true,false,false,false,duplicate_term
Macabeo,grape_variety,specification,WSET_L3_Specification_Official_2026.pdf,true,false,false,false,duplicate_term
Macabeo,grape_variety,study-guide,WSET_L3_Study_Guide_Official_2026.pdf,true,false,false,false,duplicate_term
Malbec,grape_variety,specification,WSET_L3_Specification_Official_2026.pdf,true,false,false,false,duplicate_term
Malbec,grape_variety,study-guide,WSET_L3_Study_Guide_Official_2026.pdf,true,false,false,false,duplicate_term
Malvasia,grape_variety,specification,WSET_L3_Specification_Official_2026.pdf,true,false,false,false,duplicate_term
Malvasia,grape_variety,study-guide,WSET_L3_Study_Guide_Official_2026.pdf,true,false,false,false,duplicate_term
Marsanne,grape_variety,specification,WSET_L3_Specification_Official_2026.pdf,true,false,false,false,duplicate_term
Marsanne,grape_variety,study-guide,WSET_L3_Study_Guide_Official_2026.pdf,true,false,false,false,duplicate_term
Mazuelo,grape_variety,specification,WSET_L3_Specification_Official_2026.pdf,true,false,false,false,duplicate_term
Mazuelo,grape_variety,study-guide,WSET_L3_Study_Guide_Official_2026.pdf,true,false,false,false,duplicate_term
Melon Blanc,grape_variety,specification,WSET_L3_Specification_Official_2026.pdf,true,false,false,false,duplicate_term
Melon Blanc,grape_variety,study-guide,WSET_L3_Study_Guide_Official_2026.pdf,true,false,false,false,duplicate_term
Mencía,grape_variety,specification,WSET_L3_Specification_Official_2026.pdf,true,false,false,false,duplicate_term
Mencía,grape_variety,study-guide,WSET_L3_Study_Guide_Official_2026.pdf,true,false,false,true,duplicate_term; possible_ocr_issue: Mencia
Merlot,grape_variety,specification,WSET_L3_Specification_Official_2026.pdf,true,false,false,false,duplicate_term
Merlot,grape_variety,study-guide,WSET_L3_Study_Guide_Official_2026.pdf,true,false,false,false,duplicate_term
Meunier,grape_variety,specification,WSET_L3_Specification_Official_2026.pdf,true,false,false,false,duplicate_term
Meunier,grape_variety,study-guide,WSET_L3_Study_Guide_Official_2026.pdf,true,false,false,false,duplicate_term
Monastrell,grape_variety,specification,WSET_L3_Specification_Official_2026.pdf,true,false,false,false,duplicate_term
Monastrell,grape_variety,study-guide,WSET_L3_Study_Guide_Official_2026.pdf,true,false,false,false,duplicate_term
Montepulciano,grape_variety,specification,WSET_L3_Specification_Official_2026.pdf,true,false,false,false,duplicate_term
Montepulciano,grape_variety,study-guide,WSET_L3_Study_Guide_Official_2026.pdf,true,false,false,false,duplicate_term
Mourvèdre,grape_variety,specification,WSET_L3_Specification_Official_2026.pdf,true,false,false,false,duplicate_term
Mourvèdre,grape_variety,study-guide,WSET_L3_Study_Guide_Official_2026.pdf,true,false,false,true,duplicate_term; possible_ocr_issue: Mourvedre
Müller-Thurgau,grape_variety,specification,WSET_L3_Specification_Official_2026.pdf,true,false,false,false,duplicate_term
Müller-Thurgau,grape_variety,study-guide,WSET_L3_Study_Guide_Official_2026.pdf,true,false,false,true,duplicate_term; possible_ocr_issue: Muller-Thurgau
Muscadelle,grape_variety,specification,WSET_L3_Specification_Official_2026.pdf,true,false,false,false,duplicate_term
Muscadelle,grape_variety,study-guide,WSET_L3_Study_Guide_Official_2026.pdf,true,false,false,false,duplicate_term
Muscat,grape_variety,specification,WSET_L3_Specification_Official_2026.pdf,true,false,false,false,duplicate_term
Muscat,grape_variety,study-guide,WSET_L3_Study_Guide_Official_2026.pdf,true,false,false,false,duplicate_term
Muscat Blanc à Petits Grains,grape_variety,specification,WSET_L3_Specification_Official_2026.pdf,true,false,false,false,duplicate_term
Muscat Blanc à Petits Grains,grape_variety,study-guide,WSET_L3_Study_Guide_Official_2026.pdf,true,false,false,true,duplicate_term; possible_ocr_issue: Muscat Blanc a Petits Grains
Nebbiolo,grape_variety,specification,WSET_L3_Specification_Official_2026.pdf,true,false,false,false,duplicate_term
Nebbiolo,grape_variety,study-guide,WSET_L3_Study_Guide_Official_2026.pdf,true,false,false,false,duplicate_term
Negroamaro,grape_variety,specification,WSET_L3_Specification_Official_2026.pdf,true,false,false,false,duplicate_term
Negroamaro,grape_variety,study-guide,WSET_L3_Study_Guide_Official_2026.pdf,true,false,false,false,duplicate_term
Nero d’Avola,grape_variety,specification,WSET_L3_Specification_Official_2026.pdf,true,false,false,false,duplicate_term
Nero d’Avola,grape_variety,study-guide,WSET_L3_Study_Guide_Official_2026.pdf,true,false,false,true,duplicate_term; possible_ocr_issue: Nero d’Avola
Palomino,grape_variety,specification,WSET_L3_Specification_Official_2026.pdf,true,false,false,false,duplicate_term
Palomino,grape_variety,study-guide,WSET_L3_Study_Guide_Official_2026.pdf,true,false,false,false,duplicate_term
Parellada,grape_variety,specification,WSET_L3_Specification_Official_2026.pdf,true,false,false,false,duplicate_term
Parellada,grape_variety,study-guide,WSET_L3_Study_Guide_Official_2026.pdf,true,false,false,false,duplicate_term
Pedro Ximénez,grape_variety,specification,WSET_L3_Specification_Official_2026.pdf,true,false,false,false,duplicate_term
Pedro Ximénez,grape_variety,study-guide,WSET_L3_Study_Guide_Official_2026.pdf,true,false,false,true,duplicate_term; possible_ocr_issue: Pedro Ximenez
Petit Manseng,grape_variety,specification,WSET_L3_Specification_Official_2026.pdf,true,false,false,false,duplicate_term
Petit Manseng,grape_variety,study-guide,WSET_L3_Study_Guide_Official_2026.pdf,true,false,false,false,duplicate_term
Petit Verdot,grape_variety,specification,WSET_L3_Specification_Official_2026.pdf,true,false,false,false,duplicate_term
Petit Verdot,grape_variety,study-guide,WSET_L3_Study_Guide_Official_2026.pdf,true,false,false,false,duplicate_term
Picpoul,grape_variety,specification,WSET_L3_Specification_Official_2026.pdf,true,false,false,false,duplicate_term
Picpoul,grape_variety,study-guide,WSET_L3_Study_Guide_Official_2026.pdf,true,false,false,false,duplicate_term
Pinot Blanc,grape_variety,specification,WSET_L3_Specification_Official_2026.pdf,true,false,false,false,duplicate_term
Pinot Blanc,grape_variety,study-guide,WSET_L3_Study_Guide_Official_2026.pdf,true,false,false,false,duplicate_term
Pinot Grigio,grape_variety,specification,WSET_L3_Specification_Official_2026.pdf,true,false,false,false,duplicate_term
Pinot Grigio,grape_variety,study-guide,WSET_L3_Study_Guide_Official_2026.pdf,true,false,false,false,duplicate_term
Pinot Gris,grape_variety,specification,WSET_L3_Specification_Official_2026.pdf,true,false,false,false,duplicate_term
Pinot Gris,grape_variety,study-guide,WSET_L3_Study_Guide_Official_2026.pdf,true,false,false,false,duplicate_term
Pinot Noir,grape_variety,specification,WSET_L3_Specification_Official_2026.pdf,true,false,false,false,duplicate_term
Pinot Noir,grape_variety,study-guide,WSET_L3_Study_Guide_Official_2026.pdf,true,false,false,false,duplicate_term
Pinotage,grape_variety,specification,WSET_L3_Specification_Official_2026.pdf,true,false,false,false,duplicate_term
Pinotage,grape_variety,study-guide,WSET_L3_Study_Guide_Official_2026.pdf,true,false,false,false,duplicate_term
Primitivo,grape_variety,specification,WSET_L3_Specification_Official_2026.pdf,true,false,false,false,duplicate_term
Primitivo,grape_variety,study-guide,WSET_L3_Study_Guide_Official_2026.pdf,true,false,false,false,duplicate_term
Riesling,grape_variety,specification,WSET_L3_Specification_Official_2026.pdf,true,false,false,false,duplicate_term
Riesling,grape_variety,study-guide,WSET_L3_Study_Guide_Official_2026.pdf,true,false,false,false,duplicate_term
Roussanne,grape_variety,specification,WSET_L3_Specification_Official_2026.pdf,true,false,false,false,duplicate_term
Roussanne,grape_variety,study-guide,WSET_L3_Study_Guide_Official_2026.pdf,true,false,false,false,duplicate_term
Sangiovese,grape_variety,specification,WSET_L3_Specification_Official_2026.pdf,true,false,false,false,duplicate_term
Sangiovese,grape_variety,study-guide,WSET_L3_Study_Guide_Official_2026.pdf,true,false,false,false,duplicate_term
Sauvignon Blanc,grape_variety,specification,WSET_L3_Specification_Official_2026.pdf,true,false,false,false,duplicate_term
Sauvignon Blanc,grape_variety,study-guide,WSET_L3_Study_Guide_Official_2026.pdf,true,false,false,false,duplicate_term
Semillon,grape_variety,specification,WSET_L3_Specification_Official_2026.pdf,true,false,false,true,duplicate_term; possible_ocr_issue: Semillon
Sémillon,grape_variety,specification,WSET_L3_Specification_Official_2026.pdf,true,false,false,true,duplicate_term; possible_ocr_issue: Semillon
Semillon,grape_variety,study-guide,WSET_L3_Study_Guide_Official_2026.pdf,true,false,false,false,duplicate_term
Sémillon,grape_variety,study-guide,WSET_L3_Study_Guide_Official_2026.pdf,true,false,false,true,duplicate_term; possible_ocr_issue: Semillon
Shiraz,grape_variety,specification,WSET_L3_Specification_Official_2026.pdf,true,false,false,false,duplicate_term
Shiraz,grape_variety,study-guide,WSET_L3_Study_Guide_Official_2026.pdf,true,false,false,false,duplicate_term
Silvaner,grape_variety,specification,WSET_L3_Specification_Official_2026.pdf,true,false,false,false,duplicate_term
Silvaner,grape_variety,study-guide,WSET_L3_Study_Guide_Official_2026.pdf,true,false,false,false,duplicate_term
Spätburgunder,grape_variety,specification,WSET_L3_Specification_Official_2026.pdf,true,false,false,false,duplicate_term
Spätburgunder,grape_variety,study-guide,WSET_L3_Study_Guide_Official_2026.pdf,true,false,false,true,duplicate_term; possible_ocr_issue: Spatburgunder
Syrah,grape_variety,specification,WSET_L3_Specification_Official_2026.pdf,true,false,false,false,duplicate_term
Syrah,grape_variety,study-guide,WSET_L3_Study_Guide_Official_2026.pdf,true,false,false,false,duplicate_term
Tannat,grape_variety,specification,WSET_L3_Specification_Official_2026.pdf,true,false,false,false,duplicate_term
Tannat,grape_variety,study-guide,WSET_L3_Study_Guide_Official_2026.pdf,true,false,false,false,duplicate_term
Tempranillo,grape_variety,specification,WSET_L3_Specification_Official_2026.pdf,true,false,false,false,duplicate_term
Tempranillo,grape_variety,study-guide,WSET_L3_Study_Guide_Official_2026.pdf,true,false,false,false,duplicate_term
Tinta Barroca,grape_variety,specification,WSET_L3_Specification_Official_2026.pdf,true,false,false,false,duplicate_term
Tinta Barroca,grape_variety,study-guide,WSET_L3_Study_Guide_Official_2026.pdf,true,false,false,false,duplicate_term
Tinta Roriz,grape_variety,specification,WSET_L3_Specification_Official_2026.pdf,true,false,false,false,duplicate_term
Tinta Roriz,grape_variety,study-guide,WSET_L3_Study_Guide_Official_2026.pdf,true,false,false,false,duplicate_term
Tinto Cão,grape_variety,specification,WSET_L3_Specification_Official_2026.pdf,true,false,false,false,duplicate_term
Tinto Cão,grape_variety,study-guide,WSET_L3_Study_Guide_Official_2026.pdf,true,false,false,true,duplicate_term; possible_ocr_issue: Tinto Cao
Torrontés,grape_variety,specification,WSET_L3_Specification_Official_2026.pdf,true,false,false,false,duplicate_term
Torrontés,grape_variety,study-guide,WSET_L3_Study_Guide_Official_2026.pdf,true,false,false,true,duplicate_term; possible_ocr_issue: Torrontes
Touriga Franca,grape_variety,specification,WSET_L3_Specification_Official_2026.pdf,true,false,false,false,duplicate_term
Touriga Franca,grape_variety,study-guide,WSET_L3_Study_Guide_Official_2026.pdf,true,false,false,false,duplicate_term
Touriga Nacional,grape_variety,specification,WSET_L3_Specification_Official_2026.pdf,true,false,false,false,duplicate_term
Touriga Nacional,grape_variety,study-guide,WSET_L3_Study_Guide_Official_2026.pdf,true,false,false,false,duplicate_term
Trebbiano,grape_variety,specification,WSET_L3_Specification_Official_2026.pdf,true,false,false,false,duplicate_term
Trebbiano,grape_variety,study-guide,WSET_L3_Study_Guide_Official_2026.pdf,true,false,false,false,duplicate_term
Trincadeira,grape_variety,specification,WSET_L3_Specification_Official_2026.pdf,true,false,false,false,duplicate_term
Trincadeira,grape_variety,study-guide,WSET_L3_Study_Guide_Official_2026.pdf,true,false,false,false,duplicate_term
Ugni Blanc,grape_variety,specification,WSET_L3_Specification_Official_2026.pdf,true,false,false,false,duplicate_term
Ugni Blanc,grape_variety,study-guide,WSET_L3_Study_Guide_Official_2026.pdf,true,false,false,false,duplicate_term
Verdejo,grape_variety,specification,WSET_L3_Specification_Official_2026.pdf,true,false,false,false,duplicate_term
Verdejo,grape_variety,study-guide,WSET_L3_Study_Guide_Official_2026.pdf,true,false,false,false,duplicate_term
Verdicchio,grape_variety,specification,WSET_L3_Specification_Official_2026.pdf,true,false,false,false,duplicate_term
Verdicchio,grape_variety,study-guide,WSET_L3_Study_Guide_Official_2026.pdf,true,false,false,false,duplicate_term
Vidal,grape_variety,specification,WSET_L3_Specification_Official_2026.pdf,true,false,false,false,duplicate_term
Vidal,grape_variety,study-guide,WSET_L3_Study_Guide_Official_2026.pdf,true,false,false,false,duplicate_term
Viognier,grape_variety,specification,WSET_L3_Specification_Official_2026.pdf,true,false,false,false,duplicate_term
Viognier,grape_variety,study-guide,WSET_L3_Study_Guide_Official_2026.pdf,true,false,false,false,duplicate_term
Viura,grape_variety,specification,WSET_L3_Specification_Official_2026.pdf,true,false,false,false,duplicate_term
Viura,grape_variety,study-guide,WSET_L3_Study_Guide_Official_2026.pdf,true,false,false,false,duplicate_term
Welschriesling,grape_variety,specification,WSET_L3_Specification_Official_2026.pdf,true,false,false,false,duplicate_term
Welschriesling,grape_variety,study-guide,WSET_L3_Study_Guide_Official_2026.pdf,true,false,false,false,duplicate_term
Xarel-lo,grape_variety,specification,WSET_L3_Specification_Official_2026.pdf,true,false,false,false,duplicate_term
Xarel-lo,grape_variety,study-guide,WSET_L3_Study_Guide_Official_2026.pdf,true,false,false,false,duplicate_term
Xinomavro,grape_variety,specification,WSET_L3_Specification_Official_2026.pdf,true,false,false,false,duplicate_term
Xinomavro,grape_variety,study-guide,WSET_L3_Study_Guide_Official_2026.pdf,true,false,false,false,duplicate_term
Zinfandel,grape_variety,specification,WSET_L3_Specification_Official_2026.pdf,true,false,false,false,duplicate_term
Zinfandel,grape_variety,study-guide,WSET_L3_Study_Guide_Official_2026.pdf,true,false,false,false,duplicate_term
Zweigelt,grape_variety,specification,WSET_L3_Specification_Official_2026.pdf,true,false,false,false,duplicate_term
Zweigelt,grape_variety,study-guide,WSET_L3_Study_Guide_Official_2026.pdf,true,false,false,false,duplicate_term
Aconcagua Region,region,specification,WSET_L3_Specification_Official_2026.pdf,true,false,false,true,duplicate_term; possible_ocr_issue: Aconcagua Region
Aconcagua Region,region,study-guide,WSET_L3_Study_Guide_Official_2026.pdf,true,false,false,false,duplicate_term
Alsace,region,specification,WSET_L3_Specification_Official_2026.pdf,true,false,false,false,duplicate_term
Alsace,region,study-guide,WSET_L3_Study_Guide_Official_2026.pdf,true,false,false,false,duplicate_term
Australia,region,specification,WSET_L3_Specification_Official_2026.pdf,true,false,false,false,duplicate_term
Australia,region,study-guide,WSET_L3_Study_Guide_Official_2026.pdf,true,false,false,false,duplicate_term
Austria,region,specification,WSET_L3_Specification_Official_2026.pdf,true,false,false,false,duplicate_term
Austria,region,study-guide,WSET_L3_Study_Guide_Official_2026.pdf,true,false,false,false,duplicate_term
Baden,region,specification,WSET_L3_Specification_Official_2026.pdf,true,false,false,false,duplicate_term
Baden,region,study-guide,WSET_L3_Study_Guide_Official_2026.pdf,true,false,false,false,duplicate_term
Barossa,region,specification,WSET_L3_Specification_Official_2026.pdf,true,false,false,false,duplicate_term
Barossa,region,study-guide,WSET_L3_Study_Guide_Official_2026.pdf,true,false,false,false,duplicate_term
Beaujolais,region,specification,WSET_L3_Specification_Official_2026.pdf,true,false,false,false,duplicate_term
Beaujolais,region,study-guide,WSET_L3_Study_Guide_Official_2026.pdf,true,false,false,false,duplicate_term
Bordeaux,region,specification,WSET_L3_Specification_Official_2026.pdf,true,false,false,false,duplicate_term
Bordeaux,region,study-guide,WSET_L3_Study_Guide_Official_2026.pdf,true,false,false,false,duplicate_term
California,region,specification,WSET_L3_Specification_Official_2026.pdf,true,false,false,false,duplicate_term
California,region,study-guide,WSET_L3_Study_Guide_Official_2026.pdf,true,false,false,false,duplicate_term
Canada,region,specification,WSET_L3_Specification_Official_2026.pdf,true,false,false,true,duplicate_term; possible_ocr_issue: Canada
Canada,region,study-guide,WSET_L3_Study_Guide_Official_2026.pdf,true,false,false,false,duplicate_term
Champagne,region,specification,WSET_L3_Specification_Official_2026.pdf,true,false,false,false,duplicate_term
Champagne,region,study-guide,WSET_L3_Study_Guide_Official_2026.pdf,true,false,false,false,duplicate_term
Chile,region,specification,WSET_L3_Specification_Official_2026.pdf,true,false,false,false,duplicate_term
Chile,region,study-guide,WSET_L3_Study_Guide_Official_2026.pdf,true,false,false,false,duplicate_term
France,region,specification,WSET_L3_Specification_Official_2026.pdf,true,false,false,false,duplicate_term
France,region,study-guide,WSET_L3_Study_Guide_Official_2026.pdf,true,false,false,false,duplicate_term
Franken,region,specification,WSET_L3_Specification_Official_2026.pdf,true,false,false,false,duplicate_term
Franken,region,study-guide,WSET_L3_Study_Guide_Official_2026.pdf,true,false,false,false,duplicate_term
Languedoc-Roussillon,region,study-guide,WSET_L3_Study_Guide_Official_2026.pdf,false,false,false,true,possible_ocr_issue: Languedoc and Roussillon
Mendoza,region,specification,WSET_L3_Specification_Official_2026.pdf,true,false,false,false,duplicate_term
Mendoza,region,study-guide,WSET_L3_Study_Guide_Official_2026.pdf,true,false,false,false,duplicate_term
Nahe,region,specification,WSET_L3_Specification_Official_2026.pdf,true,false,false,false,duplicate_term
Nahe,region,study-guide,WSET_L3_Study_Guide_Official_2026.pdf,true,false,false,false,duplicate_term
Northern Rhône,region,study-guide,WSET_L3_Study_Guide_Official_2026.pdf,false,false,false,true,possible_ocr_issue: Northern Rhone
Oregon,region,specification,WSET_L3_Specification_Official_2026.pdf,true,false,false,true,duplicate_term; possible_ocr_issue: Oregon
Oregon,region,study-guide,WSET_L3_Study_Guide_Official_2026.pdf,true,false,false,false,duplicate_term
Pfalz,region,specification,WSET_L3_Specification_Official_2026.pdf,true,false,false,false,duplicate_term
Pfalz,region,study-guide,WSET_L3_Study_Guide_Official_2026.pdf,true,false,false,false,duplicate_term
Portugal,region,specification,WSET_L3_Specification_Official_2026.pdf,true,false,false,false,duplicate_term
Portugal,region,study-guide,WSET_L3_Study_Guide_Official_2026.pdf,true,false,false,false,duplicate_term
Rheingau,region,specification,WSET_L3_Specification_Official_2026.pdf,true,false,false,false,duplicate_term
Rheingau,region,study-guide,WSET_L3_Study_Guide_Official_2026.pdf,true,false,false,false,duplicate_term
Rheinhessen,region,specification,WSET_L3_Specification_Official_2026.pdf,true,false,false,false,duplicate_term
Rheinhessen,region,study-guide,WSET_L3_Study_Guide_Official_2026.pdf,true,false,false,false,duplicate_term
Rhône,region,specification,WSET_L3_Specification_Official_2026.pdf,true,false,false,false,duplicate_term
Rhône,region,study-guide,WSET_L3_Study_Guide_Official_2026.pdf,true,false,false,true,duplicate_term; possible_ocr_issue: Rhone
Southern Rhône,region,study-guide,WSET_L3_Study_Guide_Official_2026.pdf,false,false,false,true,possible_ocr_issue: Southern Rhone
Tokaj,region,specification,WSET_L3_Specification_Official_2026.pdf,true,false,false,false,duplicate_term
Tokaj,region,study-guide,WSET_L3_Study_Guide_Official_2026.pdf,true,false,false,false,duplicate_term
Veneto,region,specification,WSET_L3_Specification_Official_2026.pdf,true,false,false,false,duplicate_term
Veneto,region,study-guide,WSET_L3_Study_Guide_Official_2026.pdf,true,false,false,false,duplicate_term
Washington,region,specification,WSET_L3_Specification_Official_2026.pdf,true,false,false,false,duplicate_term
Washington,region,study-guide,WSET_L3_Study_Guide_Official_2026.pdf,true,false,false,false,duplicate_term
Western Australia,region,specification,WSET_L3_Specification_Official_2026.pdf,true,false,false,false,duplicate_term
Western Australia,region,study-guide,WSET_L3_Study_Guide_Official_2026.pdf,true,false,false,false,duplicate_term
Western Cape,region,specification,WSET_L3_Specification_Official_2026.pdf,true,false,false,false,duplicate_term
Western Cape,region,study-guide,WSET_L3_Study_Guide_Official_2026.pdf,true,false,false,false,duplicate_term
Alcohol,sat_term,sat,WSET_L3_SAT_Official_2016.pdf,true,false,false,false,duplicate_term
Alcohol,sat_term,study-guide,WSET_L3_Study_Guide_Official_2026.pdf,true,false,false,false,duplicate_term
floral,sat_term,sat,WSET_L3_SAT_Official_2016.pdf,true,false,false,false,duplicate_term
floral,sat_term,study-guide,WSET_L3_Study_Guide_Official_2026.pdf,true,false,false,false,duplicate_term
anaerobic winemaking,vinification,study-guide,WSET_L3_Study_Guide_Official_2026.pdf,false,false,false,true,possible_ocr_issue: anaerobicw inemaking
dosage,vinification,specification,WSET_L3_Specification_Official_2026.pdf,true,false,false,false,duplicate_term
dosage,vinification,study-guide,WSET_L3_Study_Guide_Official_2026.pdf,true,false,false,false,duplicate_term
lees ageing,vinification,study-guide,WSET_L3_Study_Guide_Official_2026.pdf,false,false,false,true,possible_ocr_issue: lees contact
malolactic conversion,vinification,study-guide,WSET_L3_Study_Guide_Official_2026.pdf,false,false,false,true,possible_ocr_issue: malolactic fermentation; MLF
whole bunch fermentation,vinification,study-guide,WSET_L3_Study_Guide_Official_2026.pdf,false,true,false,true,ambiguous_category; possible_ocr_issue: whole bunch
clones,viticulture,specification,WSET_L3_Specification_Official_2026.pdf,true,false,false,false,duplicate_term
clones,viticulture,study-guide,WSET_L3_Study_Guide_Official_2026.pdf,true,false,false,false,duplicate_term
whole bunch fermentation,viticulture,study-guide,WSET_L3_Study_Guide_Official_2026.pdf,false,true,false,true,ambiguous_category; possible_ocr_issue: whole bunch
AVA,wine_law,specification,WSET_L3_Specification_Official_2026.pdf,true,false,false,false,duplicate_term
AVA,wine_law,study-guide,WSET_L3_Study_Guide_Official_2026.pdf,true,false,false,false,duplicate_term
Beerenauslese,wine_law,specification,WSET_L3_Specification_Official_2026.pdf,true,false,false,false,duplicate_term
Beerenauslese,wine_law,study-guide,WSET_L3_Study_Guide_Official_2026.pdf,true,false,false,false,duplicate_term
Brut,wine_law,specification,WSET_L3_Specification_Official_2026.pdf,true,false,false,false,duplicate_term
Brut,wine_law,study-guide,WSET_L3_Study_Guide_Official_2026.pdf,true,false,false,false,duplicate_term
Brut Nature,wine_law,specification,WSET_L3_Specification_Official_2026.pdf,true,false,false,false,duplicate_term
Brut Nature,wine_law,study-guide,WSET_L3_Study_Guide_Official_2026.pdf,true,false,false,false,duplicate_term
Classico,wine_law,specification,WSET_L3_Specification_Official_2026.pdf,true,false,false,false,duplicate_term
Classico,wine_law,study-guide,WSET_L3_Study_Guide_Official_2026.pdf,true,false,false,false,duplicate_term
Costa,wine_law,specification,WSET_L3_Specification_Official_2026.pdf,true,false,false,false,duplicate_term
Costa,wine_law,study-guide,WSET_L3_Study_Guide_Official_2026.pdf,true,false,false,false,duplicate_term
Crianza,wine_law,specification,WSET_L3_Specification_Official_2026.pdf,true,false,false,false,duplicate_term
Crianza,wine_law,study-guide,WSET_L3_Study_Guide_Official_2026.pdf,true,false,false,false,duplicate_term
DAC,wine_law,specification,WSET_L3_Specification_Official_2026.pdf,true,false,false,false,duplicate_term
DAC,wine_law,study-guide,WSET_L3_Study_Guide_Official_2026.pdf,true,false,false,false,duplicate_term
Demi-sec,wine_law,specification,WSET_L3_Specification_Official_2026.pdf,true,false,false,false,duplicate_term
Demi-sec,wine_law,study-guide,WSET_L3_Study_Guide_Official_2026.pdf,true,false,false,false,duplicate_term
DOC,wine_law,specification,WSET_L3_Specification_Official_2026.pdf,true,false,false,false,duplicate_term
DOC,wine_law,study-guide,WSET_L3_Study_Guide_Official_2026.pdf,true,false,false,false,duplicate_term
DOCa,wine_law,specification,WSET_L3_Specification_Official_2026.pdf,true,false,false,false,duplicate_term
DOCa,wine_law,study-guide,WSET_L3_Study_Guide_Official_2026.pdf,true,false,false,false,duplicate_term
DOCG,wine_law,specification,WSET_L3_Specification_Official_2026.pdf,true,false,false,false,duplicate_term
DOCG,wine_law,study-guide,WSET_L3_Study_Guide_Official_2026.pdf,true,false,false,false,duplicate_term
DOQ,wine_law,specification,WSET_L3_Specification_Official_2026.pdf,true,false,false,false,duplicate_term
DOQ,wine_law,study-guide,WSET_L3_Study_Guide_Official_2026.pdf,true,false,false,false,duplicate_term
Eiswein,wine_law,specification,WSET_L3_Specification_Official_2026.pdf,true,false,false,false,duplicate_term
Eiswein,wine_law,study-guide,WSET_L3_Study_Guide_Official_2026.pdf,true,false,false,false,duplicate_term
Entre Cordilleras,wine_law,specification,WSET_L3_Specification_Official_2026.pdf,true,false,false,false,duplicate_term
Entre Cordilleras,wine_law,study-guide,WSET_L3_Study_Guide_Official_2026.pdf,true,false,false,false,duplicate_term
Eszencia,wine_law,specification,WSET_L3_Specification_Official_2026.pdf,true,false,false,false,duplicate_term
Eszencia,wine_law,study-guide,WSET_L3_Study_Guide_Official_2026.pdf,true,false,false,false,duplicate_term
Gran Reserva,wine_law,specification,WSET_L3_Specification_Official_2026.pdf,true,false,false,false,duplicate_term
Gran Reserva,wine_law,study-guide,WSET_L3_Study_Guide_Official_2026.pdf,true,false,false,false,duplicate_term
Grand Cru,wine_law,specification,WSET_L3_Specification_Official_2026.pdf,true,false,false,false,duplicate_term
Grand Cru,wine_law,study-guide,WSET_L3_Study_Guide_Official_2026.pdf,true,false,false,false,duplicate_term
IGP,wine_law,specification,WSET_L3_Specification_Official_2026.pdf,true,false,false,false,duplicate_term
IGP,wine_law,study-guide,WSET_L3_Study_Guide_Official_2026.pdf,true,false,false,false,duplicate_term
IGT,wine_law,specification,WSET_L3_Specification_Official_2026.pdf,true,false,false,false,duplicate_term
IGT,wine_law,study-guide,WSET_L3_Study_Guide_Official_2026.pdf,true,false,false,false,duplicate_term
Indication géographique protégée,wine_law,study-guide,WSET_L3_Study_Guide_Official_2026.pdf,false,false,false,true,possible_ocr_issue: Indication geographique protegee
Joven,wine_law,sat,WSET_L3_SAT_Official_2016.pdf,true,false,false,false,duplicate_term
Joven,wine_law,specification,WSET_L3_Specification_Official_2026.pdf,true,false,false,false,duplicate_term
Joven,wine_law,study-guide,WSET_L3_Study_Guide_Official_2026.pdf,true,false,false,false,duplicate_term
Kabinett,wine_law,specification,WSET_L3_Specification_Official_2026.pdf,true,false,false,false,duplicate_term
Kabinett,wine_law,study-guide,WSET_L3_Study_Guide_Official_2026.pdf,true,false,false,false,duplicate_term
Late Bottled Vintage,wine_law,specification,WSET_L3_Specification_Official_2026.pdf,true,false,false,false,duplicate_term
Late Bottled Vintage,wine_law,study-guide,WSET_L3_Study_Guide_Official_2026.pdf,true,false,false,false,duplicate_term
Non-Vintage,wine_law,specification,WSET_L3_Specification_Official_2026.pdf,true,false,false,false,duplicate_term
Non-Vintage,wine_law,study-guide,WSET_L3_Study_Guide_Official_2026.pdf,true,false,false,false,duplicate_term
Premier cru,wine_law,specification,WSET_L3_Specification_Official_2026.pdf,true,false,false,false,duplicate_term
Premier cru,wine_law,study-guide,WSET_L3_Study_Guide_Official_2026.pdf,true,false,false,false,duplicate_term
Reserva,wine_law,specification,WSET_L3_Specification_Official_2026.pdf,true,false,false,false,duplicate_term
Reserva,wine_law,study-guide,WSET_L3_Study_Guide_Official_2026.pdf,true,false,false,false,duplicate_term
Riserva,wine_law,specification,WSET_L3_Specification_Official_2026.pdf,true,false,false,false,duplicate_term
Riserva,wine_law,study-guide,WSET_L3_Study_Guide_Official_2026.pdf,true,false,false,false,duplicate_term
Ruby,wine_law,specification,WSET_L3_Specification_Official_2026.pdf,true,false,false,false,duplicate_term
Ruby,wine_law,study-guide,WSET_L3_Study_Guide_Official_2026.pdf,true,false,false,false,duplicate_term
sélection de grains nobles,wine_law,specification,WSET_L3_Specification_Official_2026.pdf,true,false,false,false,duplicate_term
sélection de grains nobles,wine_law,study-guide,WSET_L3_Study_Guide_Official_2026.pdf,true,false,false,true,duplicate_term; possible_ocr_issue: selection de grains nobles
Spätlese,wine_law,specification,WSET_L3_Specification_Official_2026.pdf,true,false,false,false,duplicate_term
Spätlese,wine_law,study-guide,WSET_L3_Study_Guide_Official_2026.pdf,true,false,false,true,duplicate_term; possible_ocr_issue: Spatlese
sur lie,wine_law,specification,WSET_L3_Specification_Official_2026.pdf,true,false,false,false,duplicate_term
sur lie,wine_law,study-guide,WSET_L3_Study_Guide_Official_2026.pdf,true,false,false,false,duplicate_term
Tawny,wine_law,specification,WSET_L3_Specification_Official_2026.pdf,true,false,false,false,duplicate_term
Tawny,wine_law,study-guide,WSET_L3_Study_Guide_Official_2026.pdf,true,false,false,false,duplicate_term
Tokaji Aszú,wine_law,specification,WSET_L3_Specification_Official_2026.pdf,true,false,false,false,duplicate_term
Tokaji Aszú,wine_law,study-guide,WSET_L3_Study_Guide_Official_2026.pdf,true,false,false,true,duplicate_term; possible_ocr_issue: Tokaji Aszu
Trockenbeerenauslese,wine_law,specification,WSET_L3_Specification_Official_2026.pdf,true,false,false,false,duplicate_term
Trockenbeerenauslese,wine_law,study-guide,WSET_L3_Study_Guide_Official_2026.pdf,true,false,false,false,duplicate_term
Vin de Pays,wine_law,specification,WSET_L3_Specification_Official_2026.pdf,true,false,false,false,duplicate_term
Vin de Pays,wine_law,study-guide,WSET_L3_Study_Guide_Official_2026.pdf,true,false,false,false,duplicate_term
Vintage,wine_law,specification,WSET_L3_Specification_Official_2026.pdf,true,false,false,false,duplicate_term
Vintage,wine_law,study-guide,WSET_L3_Study_Guide_Official_2026.pdf,true,false,false,false,duplicate_term
VQA,wine_law,specification,WSET_L3_Specification_Official_2026.pdf,true,false,false,false,duplicate_term
VQA,wine_law,study-guide,WSET_L3_Study_Guide_Official_2026.pdf,true,false,false,false,duplicate_term
Wine of Origin,wine_law,specification,WSET_L3_Specification_Official_2026.pdf,true,false,false,false,duplicate_term
Wine of Origin,wine_law,study-guide,WSET_L3_Study_Guide_Official_2026.pdf,true,false,false,false,duplicate_term
