canonical_term,category,official_source,source_document,ra,aliases,confidence,manually_reviewed,notes
Aglianico del Vulture,appellation,specification,WSET_L3_Specification_Official_2026.pdf,RA2,,high,false,Matched official PDF pages: 13
Aglianico del Vulture,appellation,study-guide,WSET_L3_Study_Guide_Official_2026.pdf,Study Guide p.138,,high,false,"Matched official PDF pages: 138, 206"
Alsace Grand Cru,appellation,specification,WSET_L3_Specification_Official_2026.pdf,RA2,,high,false,Matched official PDF pages: 12
Alsace Grand Cru,appellation,study-guide,WSET_L3_Study_Guide_Official_2026.pdf,Study Guide p.101,,high,false,"Matched official PDF pages: 101, 206"
Amarone della Valpolicella,appellation,specification,WSET_L3_Specification_Official_2026.pdf,RA2,,high,false,"Matched official PDF pages: 13, 24"
Amarone della Valpolicella,appellation,study-guide,WSET_L3_Study_Guide_Official_2026.pdf,Study Guide p.132,,high,false,"Matched official PDF pages: 132, 206"
Anjou,appellation,specification,WSET_L3_Specification_Official_2026.pdf,RA2,,high,false,"Matched official PDF pages: 12, 28"
Anjou,appellation,study-guide,WSET_L3_Study_Guide_Official_2026.pdf,Study Guide p.104,,high,false,"Matched official PDF pages: 104, 105, 106, 107, 206, 208"
Asti,appellation,specification,WSET_L3_Specification_Official_2026.pdf,RA2,,high,false,"Matched official PDF pages: 13, 18, 19, 25"
Asti,appellation,study-guide,WSET_L3_Study_Guide_Official_2026.pdf,Study Guide p.133,,high,false,"Matched official PDF pages: 133, 134, 186, 191, 206"
Bandol,appellation,specification,WSET_L3_Specification_Official_2026.pdf,RA2,,high,false,Matched official PDF pages: 12
Bandol,appellation,study-guide,WSET_L3_Study_Guide_Official_2026.pdf,Study Guide p.116,,high,false,"Matched official PDF pages: 116, 206"
Barbaresco,appellation,specification,WSET_L3_Specification_Official_2026.pdf,RA2,,high,false,"Matched official PDF pages: 13, 24"
Barbaresco,appellation,study-guide,WSET_L3_Study_Guide_Official_2026.pdf,Study Guide p.133,,high,false,"Matched official PDF pages: 133, 206"
Barbera d’Asti,appellation,specification,WSET_L3_Specification_Official_2026.pdf,RA2,,high,false,Matched official PDF pages: 13
Barbera d’Asti,appellation,study-guide,WSET_L3_Study_Guide_Official_2026.pdf,Study Guide p.133,Barbera d’Asti,medium,false,"Matched official PDF pages: 133, 206"
Barolo,appellation,specification,WSET_L3_Specification_Official_2026.pdf,RA2,,high,false,"Matched official PDF pages: 13, 24"
Barolo,appellation,study-guide,WSET_L3_Study_Guide_Official_2026.pdf,Study Guide p.130,,high,false,"Matched official PDF pages: 130, 133"
Barsac,appellation,specification,WSET_L3_Specification_Official_2026.pdf,RA2,,high,false,"Matched official PDF pages: 12, 23"
Barsac,appellation,study-guide,WSET_L3_Study_Guide_Official_2026.pdf,Study Guide p.91,,high,false,"Matched official PDF pages: 91, 206"
Beaujolais Villages,appellation,specification,WSET_L3_Specification_Official_2026.pdf,RA2,,high,false,"Matched official PDF pages: 12, 23"
Beaujolais Villages,appellation,study-guide,WSET_L3_Study_Guide_Official_2026.pdf,Study Guide p.99,,high,false,"Matched official PDF pages: 99, 100, 206"
Bergerac,appellation,specification,WSET_L3_Specification_Official_2026.pdf,RA2,,high,false,Matched official PDF pages: 12
Bergerac,appellation,study-guide,WSET_L3_Study_Guide_Official_2026.pdf,Study Guide p.92,,high,false,"Matched official PDF pages: 92, 206"
Bolgheri,appellation,specification,WSET_L3_Specification_Official_2026.pdf,RA2,,high,false,Matched official PDF pages: 13
Bolgheri,appellation,study-guide,WSET_L3_Study_Guide_Official_2026.pdf,Study Guide p.136,,high,false,"Matched official PDF pages: 136, 206"
Bordeaux Supérieur,appellation,specification,WSET_L3_Specification_Official_2026.pdf,RA2,,high,false,Matched official PDF pages: 12
Bordeaux Supérieur,appellation,study-guide,WSET_L3_Study_Guide_Official_2026.pdf,Study Guide p.89,Bordeaux Superieur,medium,false,"Matched official PDF pages: 89, 206"
Bourgogne,appellation,specification,WSET_L3_Specification_Official_2026.pdf,RA2,,high,false,"Matched official PDF pages: 12, 18, 23"
Bourgogne,appellation,study-guide,WSET_L3_Study_Guide_Official_2026.pdf,Study Guide p.96,,high,false,"Matched official PDF pages: 96, 97, 98, 106, 190, 206"
Bourgueil,appellation,specification,WSET_L3_Specification_Official_2026.pdf,RA2,,high,false,Matched official PDF pages: 12
Bourgueil,appellation,study-guide,WSET_L3_Study_Guide_Official_2026.pdf,Study Guide p.106,,high,false,"Matched official PDF pages: 106, 206"
Brouilly,appellation,specification,WSET_L3_Specification_Official_2026.pdf,RA2,,high,false,Matched official PDF pages: 12
Brouilly,appellation,study-guide,WSET_L3_Study_Guide_Official_2026.pdf,Study Guide p.100,,high,false,Matched official PDF pages: 100
Brunello di Montalcino,appellation,specification,WSET_L3_Specification_Official_2026.pdf,RA2,,high,false,Matched official PDF pages: 13
Brunello di Montalcino,appellation,study-guide,WSET_L3_Study_Guide_Official_2026.pdf,Study Guide p.136,,high,false,Matched official PDF pages: 136
Cahors,appellation,specification,WSET_L3_Specification_Official_2026.pdf,RA2,,high,false,"Matched official PDF pages: 12, 23"
Cahors,appellation,study-guide,WSET_L3_Study_Guide_Official_2026.pdf,Study Guide p.92,,high,false,"Matched official PDF pages: 92, 206"
Cava,appellation,specification,WSET_L3_Specification_Official_2026.pdf,RA3,,high,false,"Matched official PDF pages: 18, 19, 25"
Cava,appellation,study-guide,WSET_L3_Study_Guide_Official_2026.pdf,Study Guide p.143,,high,false,"Matched official PDF pages: 143, 144, 190, 191, 206"
Chablis,appellation,specification,WSET_L3_Specification_Official_2026.pdf,RA2,,high,false,"Matched official PDF pages: 12, 23"
Chablis,appellation,study-guide,WSET_L3_Study_Guide_Official_2026.pdf,SAT chapter,,high,false,"Matched official PDF pages: 16, 40, 69, 70, 71, 83, 84, 94, 95, 96, 206"
Châteauneuf-du-Pape,appellation,specification,WSET_L3_Specification_Official_2026.pdf,RA2,,high,false,"Matched official PDF pages: 12, 23"
Châteauneuf-du-Pape,appellation,study-guide,WSET_L3_Study_Guide_Official_2026.pdf,Study Guide p.78,Chateauneuf-du-Pape,medium,false,"Matched official PDF pages: 78, 111, 112, 113, 206"
Chianti,appellation,specification,WSET_L3_Specification_Official_2026.pdf,RA2,,high,false,"Matched official PDF pages: 13, 24"
Chianti,appellation,study-guide,WSET_L3_Study_Guide_Official_2026.pdf,Study Guide p.135,,high,false,"Matched official PDF pages: 135, 136, 206"
Chianti Classico,appellation,specification,WSET_L3_Specification_Official_2026.pdf,RA2,,high,false,"Matched official PDF pages: 13, 24"
Chianti Classico,appellation,study-guide,WSET_L3_Study_Guide_Official_2026.pdf,Study Guide p.135,,high,false,"Matched official PDF pages: 135, 136, 206"
Chinon,appellation,specification,WSET_L3_Specification_Official_2026.pdf,RA2,,high,false,Matched official PDF pages: 12
Chinon,appellation,study-guide,WSET_L3_Study_Guide_Official_2026.pdf,Study Guide p.106,,high,false,Matched official PDF pages: 106
Collio,appellation,specification,WSET_L3_Specification_Official_2026.pdf,RA2,,high,false,Matched official PDF pages: 13
Collio,appellation,study-guide,WSET_L3_Study_Guide_Official_2026.pdf,Study Guide p.130,,high,false,"Matched official PDF pages: 130, 131"
Condrieu,appellation,specification,WSET_L3_Specification_Official_2026.pdf,RA2,,high,false,"Matched official PDF pages: 12, 23"
Condrieu,appellation,study-guide,WSET_L3_Study_Guide_Official_2026.pdf,Study Guide p.109,,high,false,"Matched official PDF pages: 109, 111, 206"
Conegliano-Valdobbiadene,appellation,specification,WSET_L3_Specification_Official_2026.pdf,RA3,,high,false,Matched official PDF pages: 18
Conegliano-Valdobbiadene,appellation,study-guide,WSET_L3_Study_Guide_Official_2026.pdf,Study Guide p.190,,high,false,"Matched official PDF pages: 190, 191, 206"
Cornas,appellation,specification,WSET_L3_Specification_Official_2026.pdf,RA2,,high,false,Matched official PDF pages: 12
Cornas,appellation,study-guide,WSET_L3_Study_Guide_Official_2026.pdf,Study Guide p.110,,high,false,Matched official PDF pages: 110
Côte Rôtie,appellation,specification,WSET_L3_Specification_Official_2026.pdf,RA2,,high,false,Matched official PDF pages: 12
Côte Rôtie,appellation,study-guide,WSET_L3_Study_Guide_Official_2026.pdf,Study Guide p.78,Cote Rotie,medium,false,"Matched official PDF pages: 78, 109, 207"
Coteaux du Layon,appellation,specification,WSET_L3_Specification_Official_2026.pdf,RA2,,high,false,Matched official PDF pages: 12
Coteaux du Layon,appellation,study-guide,WSET_L3_Study_Guide_Official_2026.pdf,Study Guide p.106,,high,false,"Matched official PDF pages: 106, 207"
Côtes de Bordeaux,appellation,specification,WSET_L3_Specification_Official_2026.pdf,RA2,,high,false,Matched official PDF pages: 12
Côtes de Bordeaux,appellation,study-guide,WSET_L3_Study_Guide_Official_2026.pdf,Study Guide p.90,Cotes de Bordeaux,medium,false,"Matched official PDF pages: 90, 91, 207"
Côtes de Gascogne,appellation,specification,WSET_L3_Specification_Official_2026.pdf,RA2,,high,false,Matched official PDF pages: 12
Côtes de Gascogne,appellation,study-guide,WSET_L3_Study_Guide_Official_2026.pdf,Study Guide p.92,Cotes de Gascogne,medium,false,"Matched official PDF pages: 92, 207"
Côtes du Rhône,appellation,specification,WSET_L3_Specification_Official_2026.pdf,RA2,,high,false,"Matched official PDF pages: 12, 23"
Côtes du Rhône,appellation,study-guide,WSET_L3_Study_Guide_Official_2026.pdf,Study Guide p.109,Cotes du Rhone,medium,false,"Matched official PDF pages: 109, 112, 207"
Côtes du Rhône Villages,appellation,specification,WSET_L3_Specification_Official_2026.pdf,RA2,,high,false,"Matched official PDF pages: 12, 23"
Côtes du Rhône Villages,appellation,study-guide,WSET_L3_Study_Guide_Official_2026.pdf,Study Guide p.112,Cotes du Rhone Villages,medium,false,"Matched official PDF pages: 112, 207"
Côtes du Roussillon,appellation,specification,WSET_L3_Specification_Official_2026.pdf,RA2,,high,false,Matched official PDF pages: 12
Côtes du Roussillon,appellation,study-guide,WSET_L3_Study_Guide_Official_2026.pdf,Study Guide p.115,Cotes du Roussillon,medium,false,"Matched official PDF pages: 115, 116, 207"
Côtes du Roussillon Villages,appellation,specification,WSET_L3_Specification_Official_2026.pdf,RA2,,high,false,Matched official PDF pages: 12
Côtes du Roussillon Villages,appellation,study-guide,WSET_L3_Study_Guide_Official_2026.pdf,Study Guide p.116,Cotes du Roussillon Villages,medium,false,"Matched official PDF pages: 116, 207"
Crémant d’Alsace,appellation,specification,WSET_L3_Specification_Official_2026.pdf,RA3,,high,false,Matched official PDF pages: 18
Crémant d’Alsace,appellation,study-guide,WSET_L3_Study_Guide_Official_2026.pdf,Study Guide p.190,Cremant d’Alsace,medium,false,Matched official PDF pages: 190
Crémant de Bourgogne,appellation,specification,WSET_L3_Specification_Official_2026.pdf,RA3,,high,false,Matched official PDF pages: 18
Crémant de Bourgogne,appellation,study-guide,WSET_L3_Study_Guide_Official_2026.pdf,Study Guide p.190,Cremant de Bourgogne,medium,false,Matched official PDF pages: 190
Crémant de Loire,appellation,specification,WSET_L3_Specification_Official_2026.pdf,RA3,,high,false,Matched official PDF pages: 18
Crémant de Loire,appellation,study-guide,WSET_L3_Study_Guide_Official_2026.pdf,Study Guide p.104,Cremant de Loire,medium,false,"Matched official PDF pages: 104, 190"
Crozes-Hermitage,appellation,specification,WSET_L3_Specification_Official_2026.pdf,RA2,,high,false,Matched official PDF pages: 12
Crozes-Hermitage,appellation,study-guide,WSET_L3_Study_Guide_Official_2026.pdf,Study Guide p.110,,high,false,Matched official PDF pages: 110
Dolcetto d’Alba,appellation,specification,WSET_L3_Specification_Official_2026.pdf,RA2,,high,false,Matched official PDF pages: 13
Dolcetto d’Alba,appellation,study-guide,WSET_L3_Study_Guide_Official_2026.pdf,Study Guide p.133,Dolcetto d’Alba,medium,false,"Matched official PDF pages: 133, 207"
Entre-Deux-Mers,appellation,specification,WSET_L3_Specification_Official_2026.pdf,RA2,,high,false,Matched official PDF pages: 12
Entre-Deux-Mers,appellation,study-guide,WSET_L3_Study_Guide_Official_2026.pdf,Study Guide p.88,,high,false,"Matched official PDF pages: 88, 91, 92, 207"
Fiano di Avellino,appellation,specification,WSET_L3_Specification_Official_2026.pdf,RA2,,high,false,Matched official PDF pages: 13
Fiano di Avellino,appellation,study-guide,WSET_L3_Study_Guide_Official_2026.pdf,Study Guide p.138,,high,false,"Matched official PDF pages: 138, 207"
Fitou,appellation,specification,WSET_L3_Specification_Official_2026.pdf,RA2,,high,false,"Matched official PDF pages: 12, 23"
Fitou,appellation,study-guide,WSET_L3_Study_Guide_Official_2026.pdf,Study Guide p.116,,high,false,"Matched official PDF pages: 116, 207"
Fleurie,appellation,specification,WSET_L3_Specification_Official_2026.pdf,RA2,,high,false,Matched official PDF pages: 12
Fleurie,appellation,study-guide,WSET_L3_Study_Guide_Official_2026.pdf,Study Guide p.100,,high,false,"Matched official PDF pages: 100, 207"
Gavi,appellation,specification,WSET_L3_Specification_Official_2026.pdf,RA2,,high,false,Matched official PDF pages: 13
Gavi,appellation,study-guide,WSET_L3_Study_Guide_Official_2026.pdf,Study Guide p.134,,high,false,"Matched official PDF pages: 134, 207"
Gigondas,appellation,specification,WSET_L3_Specification_Official_2026.pdf,RA2,,high,false,"Matched official PDF pages: 12, 23"
Gigondas,appellation,study-guide,WSET_L3_Study_Guide_Official_2026.pdf,Study Guide p.113,,high,false,"Matched official PDF pages: 113, 207"
Graves,appellation,specification,WSET_L3_Specification_Official_2026.pdf,RA2,,high,false,"Matched official PDF pages: 12, 23"
Graves,appellation,study-guide,WSET_L3_Study_Guide_Official_2026.pdf,Study Guide p.87,,high,false,"Matched official PDF pages: 87, 88, 89, 90, 91, 207"
Hermitage,appellation,specification,WSET_L3_Specification_Official_2026.pdf,RA2,,high,false,Matched official PDF pages: 12
Hermitage,appellation,study-guide,WSET_L3_Study_Guide_Official_2026.pdf,Study Guide p.78,,high,false,"Matched official PDF pages: 78, 108, 109, 110, 207"
IGP Pays d’Oc,appellation,specification,WSET_L3_Specification_Official_2026.pdf,RA2,Pays d'Oc,medium,false,Matched official PDF pages: 12
IGP Pays d’Oc,appellation,study-guide,WSET_L3_Study_Guide_Official_2026.pdf,Study Guide p.114,Pays d'Oc,medium,false,"Matched official PDF pages: 114, 115, 116, 208"
Jurançon,appellation,specification,WSET_L3_Specification_Official_2026.pdf,RA2,,high,false,Matched official PDF pages: 12
Madiran,appellation,specification,WSET_L3_Specification_Official_2026.pdf,RA2,,high,false,"Matched official PDF pages: 12, 23"
Madiran,appellation,study-guide,WSET_L3_Study_Guide_Official_2026.pdf,Study Guide p.92,,high,false,"Matched official PDF pages: 92, 207"
Margaux,appellation,specification,WSET_L3_Specification_Official_2026.pdf,RA2,,high,false,Matched official PDF pages: 12
Margaux,appellation,study-guide,WSET_L3_Study_Guide_Official_2026.pdf,Study Guide p.89,,high,false,Matched official PDF pages: 89
Médoc,appellation,specification,WSET_L3_Specification_Official_2026.pdf,RA2,,high,false,"Matched official PDF pages: 12, 23"
Médoc,appellation,study-guide,WSET_L3_Study_Guide_Official_2026.pdf,Study Guide p.75,Medoc,medium,false,"Matched official PDF pages: 75, 87, 88, 89, 90, 91, 207"
Menetou-Salon,appellation,specification,WSET_L3_Specification_Official_2026.pdf,RA2,,high,false,Matched official PDF pages: 12
Menetou-Salon,appellation,study-guide,WSET_L3_Study_Guide_Official_2026.pdf,Study Guide p.104,,high,false,"Matched official PDF pages: 104, 208"
Minervois,appellation,specification,WSET_L3_Specification_Official_2026.pdf,RA2,,high,false,"Matched official PDF pages: 12, 23"
Minervois,appellation,study-guide,WSET_L3_Study_Guide_Official_2026.pdf,Study Guide p.115,,high,false,"Matched official PDF pages: 115, 116, 208"
Monbazillac,appellation,specification,WSET_L3_Specification_Official_2026.pdf,RA2,,high,false,Matched official PDF pages: 12
Monbazillac,appellation,study-guide,WSET_L3_Study_Guide_Official_2026.pdf,Study Guide p.92,,high,false,"Matched official PDF pages: 92, 208"
Morgon,appellation,specification,WSET_L3_Specification_Official_2026.pdf,RA2,,high,false,Matched official PDF pages: 12
Morgon,appellation,study-guide,WSET_L3_Study_Guide_Official_2026.pdf,Study Guide p.100,,high,false,"Matched official PDF pages: 100, 208"
Muscadet,appellation,specification,WSET_L3_Specification_Official_2026.pdf,RA2,,high,false,"Matched official PDF pages: 12, 23"
Muscadet,appellation,study-guide,WSET_L3_Study_Guide_Official_2026.pdf,Study Guide p.22,,high,false,"Matched official PDF pages: 22, 106, 208"
Muscadet Sèvre et Maine,appellation,specification,WSET_L3_Specification_Official_2026.pdf,RA2,,high,false,Matched official PDF pages: 12
Muscat de Beaumes-de-Venise,appellation,specification,WSET_L3_Specification_Official_2026.pdf,RA4/RA5,,high,false,"Matched official PDF pages: 20, 25"
Muscat de Beaumes-de-Venise,appellation,study-guide,WSET_L3_Study_Guide_Official_2026.pdf,Study Guide p.113,,high,false,"Matched official PDF pages: 113, 208"
Nemea,appellation,specification,WSET_L3_Specification_Official_2026.pdf,RA2,,high,false,"Matched official PDF pages: 13, 15, 24"
Nemea,appellation,study-guide,WSET_L3_Study_Guide_Official_2026.pdf,Study Guide p.127,,high,false,"Matched official PDF pages: 127, 208"
Pauillac,appellation,specification,WSET_L3_Specification_Official_2026.pdf,RA2,,high,false,Matched official PDF pages: 12
Pauillac,appellation,study-guide,WSET_L3_Study_Guide_Official_2026.pdf,Study Guide p.89,,high,false,"Matched official PDF pages: 89, 208"
Pessac-Léognan,appellation,specification,WSET_L3_Specification_Official_2026.pdf,RA2,,high,false,"Matched official PDF pages: 12, 23"
Pessac-Léognan,appellation,study-guide,WSET_L3_Study_Guide_Official_2026.pdf,Study Guide p.66,Pessac-Leognan,medium,false,"Matched official PDF pages: 66, 69, 90, 91, 208"
Pomerol,appellation,specification,WSET_L3_Specification_Official_2026.pdf,RA2,,high,false,"Matched official PDF pages: 12, 23"
Pomerol,appellation,study-guide,WSET_L3_Study_Guide_Official_2026.pdf,Study Guide p.76,,high,false,"Matched official PDF pages: 76, 87, 88, 90, 208"
Pouilly-Fumé,appellation,specification,WSET_L3_Specification_Official_2026.pdf,RA2,,high,false,"Matched official PDF pages: 12, 23"
Pouilly-Fumé,appellation,study-guide,WSET_L3_Study_Guide_Official_2026.pdf,Study Guide p.104,Pouilly-Fume,medium,false,Matched official PDF pages: 104
Prosecco,appellation,specification,WSET_L3_Specification_Official_2026.pdf,RA3,,high,false,"Matched official PDF pages: 18, 19, 25"
Prosecco,appellation,study-guide,WSET_L3_Study_Guide_Official_2026.pdf,Study Guide p.131,,high,false,"Matched official PDF pages: 131, 186, 190, 191, 208"
Ribera del Duero,appellation,specification,WSET_L3_Specification_Official_2026.pdf,RA2,,high,false,"Matched official PDF pages: 13, 24, 28"
Ribera del Duero,appellation,study-guide,WSET_L3_Study_Guide_Official_2026.pdf,Study Guide p.145,,high,false,"Matched official PDF pages: 145, 208"
Rioja,appellation,specification,WSET_L3_Specification_Official_2026.pdf,RA2,,high,false,"Matched official PDF pages: 13, 24"
Rioja,appellation,study-guide,WSET_L3_Study_Guide_Official_2026.pdf,SAT chapter,,high,false,"Matched official PDF pages: 14, 78, 141, 143, 145, 166, 167, 190, 207, 208"
Rutherglen,appellation,specification,WSET_L3_Specification_Official_2026.pdf,RA4/RA5,,high,false,"Matched official PDF pages: 20, 25"
Rutherglen,appellation,study-guide,WSET_L3_Study_Guide_Official_2026.pdf,SAT chapter,,high,false,"Matched official PDF pages: 15, 53, 204, 208"
Saint-Émilion,appellation,specification,WSET_L3_Specification_Official_2026.pdf,RA2,,high,false,"Matched official PDF pages: 12, 23"
Saint-Émilion,appellation,study-guide,WSET_L3_Study_Guide_Official_2026.pdf,Study Guide p.76,Saint-Emilion,medium,false,"Matched official PDF pages: 76, 88, 90"
Saint-Émilion Grand Cru,appellation,specification,WSET_L3_Specification_Official_2026.pdf,RA2,,high,false,"Matched official PDF pages: 12, 23"
Saint-Estèphe,appellation,specification,WSET_L3_Specification_Official_2026.pdf,RA2,,high,false,Matched official PDF pages: 12
Saint-Estèphe,appellation,study-guide,WSET_L3_Study_Guide_Official_2026.pdf,Study Guide p.89,Saint-Estephe,medium,false,"Matched official PDF pages: 89, 208"
Saint-Joseph,appellation,specification,WSET_L3_Specification_Official_2026.pdf,RA2,,high,false,Matched official PDF pages: 12
Saint-Joseph,appellation,study-guide,WSET_L3_Study_Guide_Official_2026.pdf,Study Guide p.109,,high,false,"Matched official PDF pages: 109, 208"
Saint-Julien,appellation,specification,WSET_L3_Specification_Official_2026.pdf,RA2,,high,false,Matched official PDF pages: 12
Saint-Julien,appellation,study-guide,WSET_L3_Study_Guide_Official_2026.pdf,Study Guide p.89,,high,false,"Matched official PDF pages: 89, 208"
Sancerre,appellation,specification,WSET_L3_Specification_Official_2026.pdf,RA2,,high,false,"Matched official PDF pages: 12, 23"
Sancerre,appellation,study-guide,WSET_L3_Study_Guide_Official_2026.pdf,Study Guide p.22,,high,false,"Matched official PDF pages: 22, 66, 104, 105, 107, 208"
Sauternes,appellation,specification,WSET_L3_Specification_Official_2026.pdf,RA2,,high,false,"Matched official PDF pages: 12, 23"
Sauternes,appellation,study-guide,WSET_L3_Study_Guide_Official_2026.pdf,SAT chapter,,high,false,"Matched official PDF pages: 14, 88, 91, 126, 208"
Savennières,appellation,specification,WSET_L3_Specification_Official_2026.pdf,RA2,,high,false,Matched official PDF pages: 12
Savennières,appellation,study-guide,WSET_L3_Study_Guide_Official_2026.pdf,Study Guide p.106,Savennieres,medium,false,"Matched official PDF pages: 106, 208"
Soave,appellation,specification,WSET_L3_Specification_Official_2026.pdf,RA2,,high,false,"Matched official PDF pages: 13, 24"
Soave,appellation,study-guide,WSET_L3_Study_Guide_Official_2026.pdf,Study Guide p.130,,high,false,"Matched official PDF pages: 130, 131, 132, 209"
Soave Classico,appellation,specification,WSET_L3_Specification_Official_2026.pdf,RA2,,high,false,Matched official PDF pages: 13
Soave Classico,appellation,study-guide,WSET_L3_Study_Guide_Official_2026.pdf,Study Guide p.132,,high,false,"Matched official PDF pages: 132, 209"
Taurasi,appellation,specification,WSET_L3_Specification_Official_2026.pdf,RA2,,high,false,"Matched official PDF pages: 13, 24"
Taurasi,appellation,study-guide,WSET_L3_Study_Guide_Official_2026.pdf,Study Guide p.138,,high,false,"Matched official PDF pages: 138, 209"
Tavel,appellation,specification,WSET_L3_Specification_Official_2026.pdf,RA2,,high,false,Matched official PDF pages: 12
Tavel,appellation,study-guide,WSET_L3_Study_Guide_Official_2026.pdf,Study Guide p.112,,high,false,"Matched official PDF pages: 112, 113"
Touraine,appellation,specification,WSET_L3_Specification_Official_2026.pdf,RA2,,high,false,Matched official PDF pages: 12
Touraine,appellation,study-guide,WSET_L3_Study_Guide_Official_2026.pdf,Study Guide p.104,,high,false,"Matched official PDF pages: 104, 105, 106, 107, 209"
Vacqueyras,appellation,specification,WSET_L3_Specification_Official_2026.pdf,RA2,,high,false,Matched official PDF pages: 12
Vacqueyras,appellation,study-guide,WSET_L3_Study_Guide_Official_2026.pdf,Study Guide p.113,,high,false,"Matched official PDF pages: 113, 209"
Valpolicella,appellation,specification,WSET_L3_Specification_Official_2026.pdf,RA2,,high,false,"Matched official PDF pages: 13, 24"
Valpolicella,appellation,study-guide,WSET_L3_Study_Guide_Official_2026.pdf,Study Guide p.131,,high,false,"Matched official PDF pages: 131, 132, 206, 208, 209"
Valpolicella Classico,appellation,specification,WSET_L3_Specification_Official_2026.pdf,RA2,,high,false,Matched official PDF pages: 13
Valpolicella Classico,appellation,study-guide,WSET_L3_Study_Guide_Official_2026.pdf,Study Guide p.132,,high,false,Matched official PDF pages: 132
Vino Nobile di Montepulciano,appellation,specification,WSET_L3_Specification_Official_2026.pdf,RA2,,high,false,Matched official PDF pages: 13
Vino Nobile di Montepulciano,appellation,study-guide,WSET_L3_Study_Guide_Official_2026.pdf,Study Guide p.136,,high,false,"Matched official PDF pages: 136, 209"
Vouvray,appellation,specification,WSET_L3_Specification_Official_2026.pdf,RA2,,high,false,"Matched official PDF pages: 12, 18"
Vouvray,appellation,study-guide,WSET_L3_Study_Guide_Official_2026.pdf,Study Guide p.105,,high,false,"Matched official PDF pages: 105, 190, 209"
altitude,climate,study-guide,WSET_L3_Study_Guide_Official_2026.pdf,Study Guide p.33,,high,false,"Matched official PDF pages: 33, 37, 97, 116, 127, 131, 133, 134, 135, 136, 138, 140 (+20 more)"
climate,climate,study-guide,WSET_L3_Study_Guide_Official_2026.pdf,SAT chapter,,high,false,"Matched official PDF pages: 14, 35, 37, 39, 40, 50, 57, 66, 70, 77, 78, 79 (+64 more)"
continental climate,climate,study-guide,WSET_L3_Study_Guide_Official_2026.pdf,Study Guide p.40,,high,false,"Matched official PDF pages: 40, 101, 104, 117, 122, 140, 146, 159, 188, 199, 206"
continentality,climate,study-guide,WSET_L3_Study_Guide_Official_2026.pdf,Study Guide p.34,,high,false,"Matched official PDF pages: 34, 35, 40, 206"
cool climate,climate,study-guide,WSET_L3_Study_Guide_Official_2026.pdf,Study Guide p.66,,high,false,"Matched official PDF pages: 66, 105, 106, 182"
diurnal range,climate,study-guide,WSET_L3_Study_Guide_Official_2026.pdf,Study Guide p.34,,high,false,"Matched official PDF pages: 34, 35, 130, 168, 180, 181, 207"
fog,climate,study-guide,WSET_L3_Study_Guide_Official_2026.pdf,Study Guide p.34,,high,false,"Matched official PDF pages: 34, 38, 131, 132, 152, 154, 155, 156, 161, 207"
hot climate,climate,study-guide,WSET_L3_Study_Guide_Official_2026.pdf,SAT chapter,,high,false,"Matched official PDF pages: 14, 35, 135, 138, 169"
latitude,climate,study-guide,WSET_L3_Study_Guide_Official_2026.pdf,Study Guide p.33,,high,false,"Matched official PDF pages: 33, 36, 38, 40, 108, 130, 152, 160, 168, 173, 207"
maritime climate,climate,study-guide,WSET_L3_Study_Guide_Official_2026.pdf,Study Guide p.40,,high,false,"Matched official PDF pages: 40, 87, 104, 131, 140, 148, 149, 176, 177, 178, 179, 192 (+1 more)"
Mediterranean climate,climate,study-guide,WSET_L3_Study_Guide_Official_2026.pdf,Study Guide p.40,,high,false,"Matched official PDF pages: 40, 114, 127, 140, 161, 193, 208"
rainfall,climate,study-guide,WSET_L3_Study_Guide_Official_2026.pdf,Study Guide p.34,,high,false,"Matched official PDF pages: 34, 36, 39, 40, 41, 42, 45, 46, 49, 50, 87, 104 (+22 more)"
soil,climate,study-guide,WSET_L3_Study_Guide_Official_2026.pdf,Study Guide p.28,,high,false,"Matched official PDF pages: 28, 30, 33, 34, 36, 40, 41, 42, 43, 45, 46, 49 (+20 more)"
sunlight,climate,study-guide,WSET_L3_Study_Guide_Official_2026.pdf,Study Guide p.33,,high,false,"Matched official PDF pages: 33, 34, 35, 36, 39, 40, 42, 43, 66, 76, 116, 117 (+3 more)"
temperature,climate,study-guide,WSET_L3_Study_Guide_Official_2026.pdf,Study Guide p.24,,high,false,"Matched official PDF pages: 24, 26, 33, 34, 35, 36, 37, 39, 40, 41, 42, 50 (+29 more)"
warm climate,climate,study-guide,WSET_L3_Study_Guide_Official_2026.pdf,Study Guide p.135,,high,false,"Matched official PDF pages: 135, 175, 176, 192"
water,climate,study-guide,WSET_L3_Study_Guide_Official_2026.pdf,SAT chapter,,high,false,"Matched official PDF pages: 15, 17, 25, 30, 33, 34, 35, 36, 39, 40, 41, 42 (+25 more)"
weather,climate,study-guide,WSET_L3_Study_Guide_Official_2026.pdf,Study Guide p.39,,high,false,"Matched official PDF pages: 39, 49, 50, 59, 75, 87, 104, 117, 122, 140, 143, 156 (+5 more)"
Agiorgitiko,grape_variety,specification,WSET_L3_Specification_Official_2026.pdf,RA2,,high,false,Matched official PDF pages: 15
Agiorgitiko,grape_variety,study-guide,WSET_L3_Study_Guide_Official_2026.pdf,Study Guide p.127,,high,false,"Matched official PDF pages: 127, 206"
Aglianico,grape_variety,specification,WSET_L3_Specification_Official_2026.pdf,RA2,,high,false,"Matched official PDF pages: 13, 15"
Aglianico,grape_variety,study-guide,WSET_L3_Study_Guide_Official_2026.pdf,Study Guide p.138,,high,false,"Matched official PDF pages: 138, 206"
Airén,grape_variety,specification,WSET_L3_Specification_Official_2026.pdf,RA2,,high,false,Matched official PDF pages: 16
Airén,grape_variety,study-guide,WSET_L3_Study_Guide_Official_2026.pdf,Study Guide p.142,Airen,medium,false,"Matched official PDF pages: 142, 146, 147, 206"
Albariño,grape_variety,specification,WSET_L3_Specification_Official_2026.pdf,RA2,,high,false,Matched official PDF pages: 16
Albariño,grape_variety,study-guide,WSET_L3_Study_Guide_Official_2026.pdf,Study Guide p.22,Albarino,medium,false,"Matched official PDF pages: 22, 206"
Alfrocheiro,grape_variety,specification,WSET_L3_Specification_Official_2026.pdf,RA2,,high,false,Matched official PDF pages: 16
Alfrocheiro,grape_variety,study-guide,WSET_L3_Study_Guide_Official_2026.pdf,Study Guide p.149,,high,false,"Matched official PDF pages: 149, 206"
Alicante Bouschet,grape_variety,specification,WSET_L3_Specification_Official_2026.pdf,RA2,,high,false,Matched official PDF pages: 16
Alicante Bouschet,grape_variety,study-guide,WSET_L3_Study_Guide_Official_2026.pdf,Study Guide p.149,,high,false,"Matched official PDF pages: 149, 206"
Aligoté,grape_variety,study-guide,WSET_L3_Study_Guide_Official_2026.pdf,Study Guide p.94,Aligote,medium,false,"Matched official PDF pages: 94, 95, 206"
Alvarinho,grape_variety,specification,WSET_L3_Specification_Official_2026.pdf,RA2,,high,false,Matched official PDF pages: 16
Alvarinho,grape_variety,study-guide,WSET_L3_Study_Guide_Official_2026.pdf,Study Guide p.148,,high,false,"Matched official PDF pages: 148, 206"
Arinto,grape_variety,specification,WSET_L3_Specification_Official_2026.pdf,RA2,,high,false,Matched official PDF pages: 16
Arinto,grape_variety,study-guide,WSET_L3_Study_Guide_Official_2026.pdf,Study Guide p.148,,high,false,"Matched official PDF pages: 148, 149, 206"
Assyrtiko,grape_variety,specification,WSET_L3_Specification_Official_2026.pdf,RA2,,high,false,Matched official PDF pages: 15
Assyrtiko,grape_variety,study-guide,WSET_L3_Study_Guide_Official_2026.pdf,Study Guide p.127,,high,false,"Matched official PDF pages: 127, 128, 206"
Baga,grape_variety,specification,WSET_L3_Specification_Official_2026.pdf,RA2,,high,false,Matched official PDF pages: 16
Baga,grape_variety,study-guide,WSET_L3_Study_Guide_Official_2026.pdf,Study Guide p.149,,high,false,"Matched official PDF pages: 149, 206"
Barbera,grape_variety,specification,WSET_L3_Specification_Official_2026.pdf,RA2,,high,false,"Matched official PDF pages: 13, 15"
Barbera,grape_variety,study-guide,WSET_L3_Study_Guide_Official_2026.pdf,Study Guide p.133,,high,false,"Matched official PDF pages: 133, 134, 156, 206"
Blaufränkisch,grape_variety,specification,WSET_L3_Specification_Official_2026.pdf,RA2,,high,false,Matched official PDF pages: 15
Blaufränkisch,grape_variety,study-guide,WSET_L3_Study_Guide_Official_2026.pdf,Study Guide p.122,Blaufrankisch,medium,false,"Matched official PDF pages: 122, 124, 206"
Bonarda,grape_variety,specification,WSET_L3_Specification_Official_2026.pdf,RA2,,high,false,Matched official PDF pages: 16
Bonarda,grape_variety,study-guide,WSET_L3_Study_Guide_Official_2026.pdf,Study Guide p.165,,high,false,"Matched official PDF pages: 165, 167, 168, 206"
Cabernet Franc,grape_variety,specification,WSET_L3_Specification_Official_2026.pdf,RA2,,high,false,"Matched official PDF pages: 15, 23, 28"
Cabernet Franc,grape_variety,study-guide,WSET_L3_Study_Guide_Official_2026.pdf,Study Guide p.31,,high,false,"Matched official PDF pages: 31, 87, 90, 106, 107, 155, 158, 160, 165, 169, 190, 206"
Cabernet Sauvignon,grape_variety,specification,WSET_L3_Specification_Official_2026.pdf,RA2,,high,false,"Matched official PDF pages: 15, 16, 24"
Cabernet Sauvignon,grape_variety,study-guide,WSET_L3_Study_Guide_Official_2026.pdf,Study Guide p.31,,high,false,"Matched official PDF pages: 31, 40, 72, 75, 76, 77, 87, 89, 90, 107, 115, 123 (+31 more)"
Carignan,grape_variety,specification,WSET_L3_Specification_Official_2026.pdf,RA2,,high,false,Matched official PDF pages: 15
Carignan,grape_variety,study-guide,WSET_L3_Study_Guide_Official_2026.pdf,Study Guide p.78,,high,false,"Matched official PDF pages: 78, 79, 114, 115, 141, 144, 164, 206, 208"
Cariñena,grape_variety,specification,WSET_L3_Specification_Official_2026.pdf,RA2,,high,false,"Matched official PDF pages: 13, 16"
Cariñena,grape_variety,study-guide,WSET_L3_Study_Guide_Official_2026.pdf,Study Guide p.78,Carinena,medium,false,"Matched official PDF pages: 78, 144, 145, 206"
Carmenère,grape_variety,specification,WSET_L3_Specification_Official_2026.pdf,RA2,,high,false,"Matched official PDF pages: 16, 24"
Carmenère,grape_variety,study-guide,WSET_L3_Study_Guide_Official_2026.pdf,Study Guide p.161,Carmenere,medium,false,"Matched official PDF pages: 161, 162, 163, 164, 206"
Chardonnay,grape_variety,specification,WSET_L3_Specification_Official_2026.pdf,RA2,,high,false,"Matched official PDF pages: 15, 16, 19, 24, 29"
Chardonnay,grape_variety,study-guide,WSET_L3_Study_Guide_Official_2026.pdf,Study Guide p.64,,high,false,"Matched official PDF pages: 64, 65, 69, 70, 71, 84, 94, 95, 97, 98, 115, 122 (+37 more)"
Chenin Blanc,grape_variety,specification,WSET_L3_Specification_Official_2026.pdf,RA2,,high,false,"Matched official PDF pages: 15, 16, 24"
Chenin Blanc,grape_variety,study-guide,WSET_L3_Study_Guide_Official_2026.pdf,Study Guide p.105,,high,false,"Matched official PDF pages: 105, 106, 168, 170, 190, 206"
Cinsault,grape_variety,specification,WSET_L3_Specification_Official_2026.pdf,RA2,,high,false,Matched official PDF pages: 15
Cinsault,grape_variety,study-guide,WSET_L3_Study_Guide_Official_2026.pdf,Study Guide p.31,,high,false,"Matched official PDF pages: 31, 78, 79, 111, 113, 114, 169, 206"
Cortese,grape_variety,specification,WSET_L3_Specification_Official_2026.pdf,RA2,,high,false,Matched official PDF pages: 15
Cortese,grape_variety,study-guide,WSET_L3_Study_Guide_Official_2026.pdf,Study Guide p.133,,high,false,"Matched official PDF pages: 133, 134, 206"
Corvina,grape_variety,specification,WSET_L3_Specification_Official_2026.pdf,RA2,,high,false,Matched official PDF pages: 15
Corvina,grape_variety,study-guide,WSET_L3_Study_Guide_Official_2026.pdf,Study Guide p.131,,high,false,"Matched official PDF pages: 131, 132, 207"
Dolcetto,grape_variety,specification,WSET_L3_Specification_Official_2026.pdf,RA2,,high,false,"Matched official PDF pages: 13, 15"
Dolcetto,grape_variety,study-guide,WSET_L3_Study_Guide_Official_2026.pdf,Study Guide p.133,,high,false,"Matched official PDF pages: 133, 134, 207"
Dornfelder,grape_variety,specification,WSET_L3_Specification_Official_2026.pdf,RA2,,high,false,Matched official PDF pages: 15
Dornfelder,grape_variety,study-guide,WSET_L3_Study_Guide_Official_2026.pdf,Study Guide p.119,,high,false,"Matched official PDF pages: 119, 120, 207"
Fiano,grape_variety,specification,WSET_L3_Specification_Official_2026.pdf,RA2,,high,false,"Matched official PDF pages: 13, 15"
Fiano,grape_variety,study-guide,WSET_L3_Study_Guide_Official_2026.pdf,Study Guide p.138,,high,false,"Matched official PDF pages: 138, 207"
Furmint,grape_variety,specification,WSET_L3_Specification_Official_2026.pdf,RA2,,high,false,Matched official PDF pages: 15
Furmint,grape_variety,study-guide,WSET_L3_Study_Guide_Official_2026.pdf,Study Guide p.125,,high,false,"Matched official PDF pages: 125, 207"
Gamay,grape_variety,specification,WSET_L3_Specification_Official_2026.pdf,RA2,,high,false,"Matched official PDF pages: 15, 28"
Gamay,grape_variety,study-guide,WSET_L3_Study_Guide_Official_2026.pdf,Study Guide p.94,,high,false,"Matched official PDF pages: 94, 99, 107, 207"
Garganega,grape_variety,specification,WSET_L3_Specification_Official_2026.pdf,RA2,,high,false,Matched official PDF pages: 15
Garganega,grape_variety,study-guide,WSET_L3_Study_Guide_Official_2026.pdf,Study Guide p.131,,high,false,"Matched official PDF pages: 131, 132, 207"
Gewurztraminer,grape_variety,specification,WSET_L3_Specification_Official_2026.pdf,RA2,,high,false,"Matched official PDF pages: 15, 23"
Gewurztraminer,grape_variety,study-guide,WSET_L3_Study_Guide_Official_2026.pdf,Study Guide p.66,,high,false,"Matched official PDF pages: 66, 102, 103, 130, 144, 155, 162, 179, 180, 190, 207"
Glera,grape_variety,specification,WSET_L3_Specification_Official_2026.pdf,RA3,,high,false,Matched official PDF pages: 19
Graciano,grape_variety,specification,WSET_L3_Specification_Official_2026.pdf,RA2,,high,false,Matched official PDF pages: 16
Graciano,grape_variety,study-guide,WSET_L3_Study_Guide_Official_2026.pdf,Study Guide p.141,,high,false,"Matched official PDF pages: 141, 143, 207"
Grechetto,grape_variety,specification,WSET_L3_Specification_Official_2026.pdf,RA2,,high,false,Matched official PDF pages: 15
Grechetto,grape_variety,study-guide,WSET_L3_Study_Guide_Official_2026.pdf,Study Guide p.136,,high,false,"Matched official PDF pages: 136, 207"
Greco,grape_variety,specification,WSET_L3_Specification_Official_2026.pdf,RA2,,high,false,"Matched official PDF pages: 13, 15"
Greco,grape_variety,study-guide,WSET_L3_Study_Guide_Official_2026.pdf,Study Guide p.138,,high,false,"Matched official PDF pages: 138, 207"
Grenache,grape_variety,specification,WSET_L3_Specification_Official_2026.pdf,RA2,,high,false,"Matched official PDF pages: 15, 16, 24"
Grenache,grape_variety,study-guide,WSET_L3_Study_Guide_Official_2026.pdf,Study Guide p.33,,high,false,"Matched official PDF pages: 33, 72, 75, 78, 79, 111, 112, 113, 114, 115, 141, 170 (+4 more)"
Grüner Veltliner,grape_variety,specification,WSET_L3_Specification_Official_2026.pdf,RA2,,high,false,"Matched official PDF pages: 15, 23"
Grüner Veltliner,grape_variety,study-guide,WSET_L3_Study_Guide_Official_2026.pdf,Study Guide p.122,Gruner Veltliner,medium,false,"Matched official PDF pages: 122, 123"
Hárslevelű,grape_variety,specification,WSET_L3_Specification_Official_2026.pdf,RA2,,high,false,Matched official PDF pages: 15
Hárslevelű,grape_variety,study-guide,WSET_L3_Study_Guide_Official_2026.pdf,Study Guide p.125,Harslevelu,medium,false,"Matched official PDF pages: 125, 207"
Jaen,grape_variety,specification,WSET_L3_Specification_Official_2026.pdf,RA2,,high,false,Matched official PDF pages: 16
Jaen,grape_variety,study-guide,WSET_L3_Study_Guide_Official_2026.pdf,Study Guide p.149,,high,false,"Matched official PDF pages: 149, 207"
Loureiro,grape_variety,specification,WSET_L3_Specification_Official_2026.pdf,RA2,,high,false,Matched official PDF pages: 16
Loureiro,grape_variety,study-guide,WSET_L3_Study_Guide_Official_2026.pdf,Study Guide p.148,,high,false,"Matched official PDF pages: 148, 207"
Macabeo,grape_variety,specification,WSET_L3_Specification_Official_2026.pdf,RA3,,high,false,Matched official PDF pages: 19
Macabeo,grape_variety,study-guide,WSET_L3_Study_Guide_Official_2026.pdf,Study Guide p.142,,high,false,"Matched official PDF pages: 142, 143, 190, 207, 209"
Malbec,grape_variety,specification,WSET_L3_Specification_Official_2026.pdf,RA2,,high,false,"Matched official PDF pages: 15, 16, 24, 28"
Malbec,grape_variety,study-guide,WSET_L3_Study_Guide_Official_2026.pdf,Study Guide p.92,,high,false,"Matched official PDF pages: 92, 145, 165, 167, 168, 207"
Malvasia,grape_variety,specification,WSET_L3_Specification_Official_2026.pdf,RA2,,high,false,Matched official PDF pages: 15
Malvasia,grape_variety,study-guide,WSET_L3_Study_Guide_Official_2026.pdf,Study Guide p.136,,high,false,"Matched official PDF pages: 136, 208"
Marsanne,grape_variety,specification,WSET_L3_Specification_Official_2026.pdf,RA2,,high,false,Matched official PDF pages: 15
Marsanne,grape_variety,study-guide,WSET_L3_Study_Guide_Official_2026.pdf,Study Guide p.109,,high,false,"Matched official PDF pages: 109, 110, 112, 170, 177, 208"
Mazuelo,grape_variety,specification,WSET_L3_Specification_Official_2026.pdf,RA2,,high,false,Matched official PDF pages: 16
Mazuelo,grape_variety,study-guide,WSET_L3_Study_Guide_Official_2026.pdf,Study Guide p.141,,high,false,"Matched official PDF pages: 141, 143, 144, 206, 208"
Melon Blanc,grape_variety,specification,WSET_L3_Specification_Official_2026.pdf,RA2,,high,false,Matched official PDF pages: 15
Melon Blanc,grape_variety,study-guide,WSET_L3_Study_Guide_Official_2026.pdf,Study Guide p.106,,high,false,"Matched official PDF pages: 106, 208"
Mencía,grape_variety,specification,WSET_L3_Specification_Official_2026.pdf,RA2,,high,false,Matched official PDF pages: 16
Mencía,grape_variety,study-guide,WSET_L3_Study_Guide_Official_2026.pdf,Study Guide p.141,Mencia,medium,false,"Matched official PDF pages: 141, 146, 149, 208"
Merlot,grape_variety,specification,WSET_L3_Specification_Official_2026.pdf,RA2,,high,false,"Matched official PDF pages: 15, 16, 24"
Merlot,grape_variety,study-guide,WSET_L3_Study_Guide_Official_2026.pdf,Study Guide p.72,,high,false,"Matched official PDF pages: 72, 75, 76, 77, 84, 87, 89, 90, 91, 92, 115, 123 (+29 more)"
Meunier,grape_variety,specification,WSET_L3_Specification_Official_2026.pdf,RA3,,high,false,Matched official PDF pages: 19
Meunier,grape_variety,study-guide,WSET_L3_Study_Guide_Official_2026.pdf,Study Guide p.119,,high,false,"Matched official PDF pages: 119, 189, 208"
Monastrell,grape_variety,specification,WSET_L3_Specification_Official_2026.pdf,RA2,,high,false,"Matched official PDF pages: 16, 24"
Monastrell,grape_variety,study-guide,WSET_L3_Study_Guide_Official_2026.pdf,Study Guide p.141,,high,false,"Matched official PDF pages: 141, 146, 190, 208"
Montepulciano,grape_variety,specification,WSET_L3_Specification_Official_2026.pdf,RA2,,high,false,"Matched official PDF pages: 13, 15"
Montepulciano,grape_variety,study-guide,WSET_L3_Study_Guide_Official_2026.pdf,Study Guide p.136,,high,false,"Matched official PDF pages: 136, 137, 208, 209"
Mourvèdre,grape_variety,specification,WSET_L3_Specification_Official_2026.pdf,RA2,,high,false,Matched official PDF pages: 15
Mourvèdre,grape_variety,study-guide,WSET_L3_Study_Guide_Official_2026.pdf,Study Guide p.78,Mourvedre,medium,false,"Matched official PDF pages: 78, 79, 111, 112, 114, 115, 116, 141, 173, 208"
Müller-Thurgau,grape_variety,specification,WSET_L3_Specification_Official_2026.pdf,RA2,,high,false,Matched official PDF pages: 15
Müller-Thurgau,grape_variety,study-guide,WSET_L3_Study_Guide_Official_2026.pdf,Index,Muller-Thurgau,medium,false,Matched official PDF pages: 208
Muscadelle,grape_variety,specification,WSET_L3_Specification_Official_2026.pdf,RA2,,high,false,Matched official PDF pages: 15
Muscadelle,grape_variety,study-guide,WSET_L3_Study_Guide_Official_2026.pdf,Study Guide p.88,,high,false,"Matched official PDF pages: 88, 91, 208"
Muscat,grape_variety,specification,WSET_L3_Specification_Official_2026.pdf,RA2,,high,false,"Matched official PDF pages: 15, 19, 20, 25"
Muscat,grape_variety,study-guide,WSET_L3_Study_Guide_Official_2026.pdf,Study Guide p.53,,high,false,"Matched official PDF pages: 53, 65, 102, 103, 113, 115, 125, 133, 146, 162, 164, 170 (+10 more)"
Muscat Blanc à Petits Grains,grape_variety,specification,WSET_L3_Specification_Official_2026.pdf,RA3,,high,false,Matched official PDF pages: 19
Muscat Blanc à Petits Grains,grape_variety,study-guide,WSET_L3_Study_Guide_Official_2026.pdf,Index,Muscat Blanc a Petits Grains,medium,false,Matched official PDF pages: 208
Nebbiolo,grape_variety,specification,WSET_L3_Specification_Official_2026.pdf,RA2,,high,false,Matched official PDF pages: 15
Nebbiolo,grape_variety,study-guide,WSET_L3_Study_Guide_Official_2026.pdf,Study Guide p.127,,high,false,"Matched official PDF pages: 127, 133, 134, 208"
Negroamaro,grape_variety,specification,WSET_L3_Specification_Official_2026.pdf,RA2,,high,false,Matched official PDF pages: 15
Negroamaro,grape_variety,study-guide,WSET_L3_Study_Guide_Official_2026.pdf,Study Guide p.138,,high,false,"Matched official PDF pages: 138, 208"
Nero d’Avola,grape_variety,specification,WSET_L3_Specification_Official_2026.pdf,RA2,,high,false,Matched official PDF pages: 15
Nero d’Avola,grape_variety,study-guide,WSET_L3_Study_Guide_Official_2026.pdf,Study Guide p.139,Nero d’Avola,medium,false,"Matched official PDF pages: 139, 208"
Palomino,grape_variety,specification,WSET_L3_Specification_Official_2026.pdf,RA4/RA5,,high,false,Matched official PDF pages: 20
Palomino,grape_variety,study-guide,WSET_L3_Study_Guide_Official_2026.pdf,Study Guide p.193,,high,false,"Matched official PDF pages: 193, 194, 197, 208"
Parellada,grape_variety,specification,WSET_L3_Specification_Official_2026.pdf,RA3,,high,false,Matched official PDF pages: 19
Parellada,grape_variety,study-guide,WSET_L3_Study_Guide_Official_2026.pdf,Study Guide p.142,,high,false,"Matched official PDF pages: 142, 190, 208"
Pedro Ximénez,grape_variety,specification,WSET_L3_Specification_Official_2026.pdf,RA4/RA5,,high,false,Matched official PDF pages: 20
Pedro Ximénez,grape_variety,study-guide,WSET_L3_Study_Guide_Official_2026.pdf,Study Guide p.166,Pedro Ximenez,medium,false,"Matched official PDF pages: 166, 193, 198, 208"
Petit Manseng,grape_variety,specification,WSET_L3_Specification_Official_2026.pdf,RA2,,high,false,Matched official PDF pages: 15
Petit Manseng,grape_variety,study-guide,WSET_L3_Study_Guide_Official_2026.pdf,Study Guide p.93,,high,false,"Matched official PDF pages: 93, 208"
Petit Verdot,grape_variety,specification,WSET_L3_Specification_Official_2026.pdf,RA2,,high,false,Matched official PDF pages: 15
Petit Verdot,grape_variety,study-guide,WSET_L3_Study_Guide_Official_2026.pdf,Study Guide p.87,,high,false,"Matched official PDF pages: 87, 165, 173, 208"
Picpoul,grape_variety,specification,WSET_L3_Specification_Official_2026.pdf,RA2,,high,false,"Matched official PDF pages: 12, 15"
Picpoul,grape_variety,study-guide,WSET_L3_Study_Guide_Official_2026.pdf,Study Guide p.115,,high,false,"Matched official PDF pages: 115, 116, 208"
Pinot Blanc,grape_variety,specification,WSET_L3_Specification_Official_2026.pdf,RA2,,high,false,Matched official PDF pages: 15
Pinot Blanc,grape_variety,study-guide,WSET_L3_Study_Guide_Official_2026.pdf,Study Guide p.103,,high,false,"Matched official PDF pages: 103, 119, 130"
Pinot Grigio,grape_variety,specification,WSET_L3_Specification_Official_2026.pdf,RA2,,high,false,"Matched official PDF pages: 15, 24"
Pinot Grigio,grape_variety,study-guide,WSET_L3_Study_Guide_Official_2026.pdf,Study Guide p.64,,high,false,"Matched official PDF pages: 64, 65, 69, 70, 130, 131"
Pinot Gris,grape_variety,specification,WSET_L3_Specification_Official_2026.pdf,RA2,,high,false,"Matched official PDF pages: 15, 16, 23"
Pinot Gris,grape_variety,study-guide,WSET_L3_Study_Guide_Official_2026.pdf,Study Guide p.69,,high,false,"Matched official PDF pages: 69, 70, 71, 102, 119, 157, 160, 179, 180, 181, 208"
Pinot Noir,grape_variety,specification,WSET_L3_Specification_Official_2026.pdf,RA2,,high,false,"Matched official PDF pages: 15, 16, 19, 24"
Pinot Noir,grape_variety,study-guide,WSET_L3_Study_Guide_Official_2026.pdf,SAT chapter,,high,false,"Matched official PDF pages: 17, 31, 72, 75, 77, 94, 95, 98, 107, 117, 123, 124 (+17 more)"
Pinotage,grape_variety,specification,WSET_L3_Specification_Official_2026.pdf,RA2,,high,false,"Matched official PDF pages: 16, 24"
Pinotage,grape_variety,study-guide,WSET_L3_Study_Guide_Official_2026.pdf,Study Guide p.31,,high,false,"Matched official PDF pages: 31, 169, 170, 208"
Primitivo,grape_variety,specification,WSET_L3_Specification_Official_2026.pdf,RA2,,high,false,Matched official PDF pages: 15
Primitivo,grape_variety,study-guide,WSET_L3_Study_Guide_Official_2026.pdf,Study Guide p.138,,high,false,"Matched official PDF pages: 138, 208, 209"
Riesling,grape_variety,specification,WSET_L3_Specification_Official_2026.pdf,RA2,,high,false,"Matched official PDF pages: 15, 16, 23, 24"
Riesling,grape_variety,study-guide,WSET_L3_Study_Guide_Official_2026.pdf,Study Guide p.31,,high,false,"Matched official PDF pages: 31, 33, 36, 59, 64, 65, 66, 68, 69, 102, 117, 118 (+21 more)"
Roussanne,grape_variety,specification,WSET_L3_Specification_Official_2026.pdf,RA2,,high,false,Matched official PDF pages: 15
Roussanne,grape_variety,study-guide,WSET_L3_Study_Guide_Official_2026.pdf,Study Guide p.109,,high,false,"Matched official PDF pages: 109, 110, 112, 170, 208"
Sangiovese,grape_variety,specification,WSET_L3_Specification_Official_2026.pdf,RA2,,high,false,Matched official PDF pages: 15
Sangiovese,grape_variety,study-guide,WSET_L3_Study_Guide_Official_2026.pdf,Study Guide p.76,,high,false,"Matched official PDF pages: 76, 135, 136, 137, 173, 177, 208"
Sauvignon Blanc,grape_variety,specification,WSET_L3_Specification_Official_2026.pdf,RA2,,high,false,"Matched official PDF pages: 15, 16, 24"
Sauvignon Blanc,grape_variety,study-guide,WSET_L3_Study_Guide_Official_2026.pdf,Study Guide p.31,,high,false,"Matched official PDF pages: 31, 50, 64, 65, 66, 68, 69, 84, 88, 91, 92, 104 (+26 more)"
Semillon,grape_variety,specification,WSET_L3_Specification_Official_2026.pdf,RA2,Semillon,medium,false,"Matched official PDF pages: 15, 16, 24"
Sémillon,grape_variety,specification,WSET_L3_Specification_Official_2026.pdf,RA2,Semillon,medium,false,"Matched official PDF pages: 15, 16, 24"
Semillon,grape_variety,study-guide,WSET_L3_Study_Guide_Official_2026.pdf,Study Guide p.22,,high,false,"Matched official PDF pages: 22, 66, 69, 88, 91, 92, 166, 171, 174, 175, 177, 178 (+1 more)"
Sémillon,grape_variety,study-guide,WSET_L3_Study_Guide_Official_2026.pdf,Study Guide p.22,Semillon,medium,false,"Matched official PDF pages: 22, 66, 69, 88, 91, 92, 166, 171, 174, 175, 177, 178 (+1 more)"
Shiraz,grape_variety,specification,WSET_L3_Specification_Official_2026.pdf,RA2,,high,false,"Matched official PDF pages: 16, 24"
Shiraz,grape_variety,study-guide,WSET_L3_Study_Guide_Official_2026.pdf,SAT chapter,,high,false,"Matched official PDF pages: 17, 72, 75, 76, 77, 78, 171, 173, 175, 176, 177, 178 (+2 more)"
Silvaner,grape_variety,specification,WSET_L3_Specification_Official_2026.pdf,RA2,,high,false,Matched official PDF pages: 15
Silvaner,grape_variety,study-guide,WSET_L3_Study_Guide_Official_2026.pdf,Study Guide p.119,,high,false,"Matched official PDF pages: 119, 121, 209"
Spätburgunder,grape_variety,specification,WSET_L3_Specification_Official_2026.pdf,RA2,,high,false,Matched official PDF pages: 15
Spätburgunder,grape_variety,study-guide,WSET_L3_Study_Guide_Official_2026.pdf,Study Guide p.117,Spatburgunder,medium,false,"Matched official PDF pages: 117, 119, 120, 121, 209"
Syrah,grape_variety,specification,WSET_L3_Specification_Official_2026.pdf,RA2,,high,false,"Matched official PDF pages: 15, 16, 23, 24"
Syrah,grape_variety,study-guide,WSET_L3_Study_Guide_Official_2026.pdf,Study Guide p.72,,high,false,"Matched official PDF pages: 72, 75, 77, 78, 79, 108, 109, 110, 111, 112, 114, 115 (+22 more)"
Tannat,grape_variety,specification,WSET_L3_Specification_Official_2026.pdf,RA2,,high,false,Matched official PDF pages: 15
Tannat,grape_variety,study-guide,WSET_L3_Study_Guide_Official_2026.pdf,Study Guide p.92,,high,false,"Matched official PDF pages: 92, 93, 209"
Tempranillo,grape_variety,specification,WSET_L3_Specification_Official_2026.pdf,RA2,,high,false,Matched official PDF pages: 16
Tempranillo,grape_variety,study-guide,WSET_L3_Study_Guide_Official_2026.pdf,Study Guide p.76,,high,false,"Matched official PDF pages: 76, 78, 140, 141, 143, 144, 145, 147, 149, 168, 173, 177 (+2 more)"
Tinta Barroca,grape_variety,specification,WSET_L3_Specification_Official_2026.pdf,RA4/RA5,,high,false,Matched official PDF pages: 20
Tinta Barroca,grape_variety,study-guide,WSET_L3_Study_Guide_Official_2026.pdf,Study Guide p.200,,high,false,"Matched official PDF pages: 200, 209"
Tinta Roriz,grape_variety,specification,WSET_L3_Specification_Official_2026.pdf,RA2,,high,false,"Matched official PDF pages: 16, 20, 28"
Tinta Roriz,grape_variety,study-guide,WSET_L3_Study_Guide_Official_2026.pdf,Study Guide p.149,,high,false,"Matched official PDF pages: 149, 200"
Tinto Cão,grape_variety,specification,WSET_L3_Specification_Official_2026.pdf,RA4/RA5,,high,false,Matched official PDF pages: 20
Tinto Cão,grape_variety,study-guide,WSET_L3_Study_Guide_Official_2026.pdf,Study Guide p.200,Tinto Cao,medium,false,"Matched official PDF pages: 200, 209"
Torrontés,grape_variety,specification,WSET_L3_Specification_Official_2026.pdf,RA2,,high,false,"Matched official PDF pages: 16, 24"
Torrontés,grape_variety,study-guide,WSET_L3_Study_Guide_Official_2026.pdf,Study Guide p.66,Torrontes,medium,false,"Matched official PDF pages: 66, 165, 166, 167, 168, 209"
Touriga Franca,grape_variety,specification,WSET_L3_Specification_Official_2026.pdf,RA4/RA5,,high,false,"Matched official PDF pages: 20, 28"
Touriga Franca,grape_variety,study-guide,WSET_L3_Study_Guide_Official_2026.pdf,Study Guide p.149,,high,false,"Matched official PDF pages: 149, 200, 209"
Touriga Nacional,grape_variety,specification,WSET_L3_Specification_Official_2026.pdf,RA2,,high,false,"Matched official PDF pages: 16, 20, 28"
Touriga Nacional,grape_variety,study-guide,WSET_L3_Study_Guide_Official_2026.pdf,Study Guide p.149,,high,false,"Matched official PDF pages: 149, 200, 209"
Trebbiano,grape_variety,specification,WSET_L3_Specification_Official_2026.pdf,RA2,,high,false,Matched official PDF pages: 15
Trebbiano,grape_variety,study-guide,WSET_L3_Study_Guide_Official_2026.pdf,Study Guide p.131,,high,false,"Matched official PDF pages: 131, 136, 209"
Trincadeira,grape_variety,specification,WSET_L3_Specification_Official_2026.pdf,RA2,,high,false,Matched official PDF pages: 16
Trincadeira,grape_variety,study-guide,WSET_L3_Study_Guide_Official_2026.pdf,Study Guide p.149,,high,false,"Matched official PDF pages: 149, 209"
Ugni Blanc,grape_variety,specification,WSET_L3_Specification_Official_2026.pdf,RA2,,high,false,"Matched official PDF pages: 15, 28"
Ugni Blanc,grape_variety,study-guide,WSET_L3_Study_Guide_Official_2026.pdf,Study Guide p.92,,high,false,"Matched official PDF pages: 92, 209"
Verdejo,grape_variety,specification,WSET_L3_Specification_Official_2026.pdf,RA2,,high,false,Matched official PDF pages: 16
Verdejo,grape_variety,study-guide,WSET_L3_Study_Guide_Official_2026.pdf,Study Guide p.142,,high,false,"Matched official PDF pages: 142, 146, 209"
Verdicchio,grape_variety,specification,WSET_L3_Specification_Official_2026.pdf,RA2,,high,false,"Matched official PDF pages: 13, 15"
Verdicchio,grape_variety,study-guide,WSET_L3_Study_Guide_Official_2026.pdf,Study Guide p.136,,high,false,"Matched official PDF pages: 136, 209"
Vidal,grape_variety,specification,WSET_L3_Specification_Official_2026.pdf,RA2,,high,false,Matched official PDF pages: 16
Vidal,grape_variety,study-guide,WSET_L3_Study_Guide_Official_2026.pdf,Study Guide p.31,,high,false,"Matched official PDF pages: 31, 159, 160, 209"
Viognier,grape_variety,specification,WSET_L3_Specification_Official_2026.pdf,RA2,,high,false,Matched official PDF pages: 15
Viognier,grape_variety,study-guide,WSET_L3_Study_Guide_Official_2026.pdf,Study Guide p.108,,high,false,"Matched official PDF pages: 108, 109, 111, 115, 162, 166, 167, 170"
Viura,grape_variety,specification,WSET_L3_Specification_Official_2026.pdf,RA2,,high,false,Matched official PDF pages: 16
Viura,grape_variety,study-guide,WSET_L3_Study_Guide_Official_2026.pdf,Study Guide p.143,,high,false,"Matched official PDF pages: 143, 144, 190, 207, 209"
Welschriesling,grape_variety,specification,WSET_L3_Specification_Official_2026.pdf,RA2,,high,false,Matched official PDF pages: 15
Welschriesling,grape_variety,study-guide,WSET_L3_Study_Guide_Official_2026.pdf,Study Guide p.122,,high,false,"Matched official PDF pages: 122, 123, 124, 209"
Xarel-lo,grape_variety,specification,WSET_L3_Specification_Official_2026.pdf,RA3,,high,false,Matched official PDF pages: 19
Xarel-lo,grape_variety,study-guide,WSET_L3_Study_Guide_Official_2026.pdf,Study Guide p.142,,high,false,"Matched official PDF pages: 142, 190, 209"
Xinomavro,grape_variety,specification,WSET_L3_Specification_Official_2026.pdf,RA2,,high,false,Matched official PDF pages: 15
Xinomavro,grape_variety,study-guide,WSET_L3_Study_Guide_Official_2026.pdf,Study Guide p.127,,high,false,"Matched official PDF pages: 127, 209"
Zinfandel,grape_variety,specification,WSET_L3_Specification_Official_2026.pdf,RA2,,high,false,"Matched official PDF pages: 16, 24"
Zinfandel,grape_variety,study-guide,WSET_L3_Study_Guide_Official_2026.pdf,Study Guide p.59,,high,false,"Matched official PDF pages: 59, 138, 153, 155, 156, 208, 209"
Zweigelt,grape_variety,specification,WSET_L3_Specification_Official_2026.pdf,RA2,,high,false,Matched official PDF pages: 15
Zweigelt,grape_variety,study-guide,WSET_L3_Study_Guide_Official_2026.pdf,Study Guide p.122,,high,false,"Matched official PDF pages: 122, 124, 209"
Aconcagua Region,region,specification,WSET_L3_Specification_Official_2026.pdf,RA2,Aconcagua Region,medium,false,Matched official PDF pages: 14
Aconcagua Region,region,study-guide,WSET_L3_Study_Guide_Official_2026.pdf,Study Guide p.162,,high,false,"Matched official PDF pages: 162, 206"
Alsace,region,specification,WSET_L3_Specification_Official_2026.pdf,RA2,,high,false,"Matched official PDF pages: 12, 18"
Alsace,region,study-guide,WSET_L3_Study_Guide_Official_2026.pdf,SAT chapter,,high,false,"Matched official PDF pages: 14, 68, 69, 70, 86, 101, 102, 103, 120, 121, 188, 190 (+1 more)"
Australia,region,specification,WSET_L3_Specification_Official_2026.pdf,RA2,,high,false,"Matched official PDF pages: 14, 16, 17, 18, 20, 24, 29"
Australia,region,study-guide,WSET_L3_Study_Guide_Official_2026.pdf,Study Guide p.30,,high,false,"Matched official PDF pages: 30, 31, 40, 43, 62, 66, 68, 69, 76, 77, 78, 79 (+14 more)"
Austria,region,specification,WSET_L3_Specification_Official_2026.pdf,RA2,,high,false,"Matched official PDF pages: 13, 15, 17, 23"
Austria,region,study-guide,WSET_L3_Study_Guide_Official_2026.pdf,Study Guide p.68,,high,false,"Matched official PDF pages: 68, 122, 123, 124, 130, 206, 208"
Baden,region,specification,WSET_L3_Specification_Official_2026.pdf,RA2,,high,false,Matched official PDF pages: 13
Baden,region,study-guide,WSET_L3_Study_Guide_Official_2026.pdf,Study Guide p.77,,high,false,"Matched official PDF pages: 77, 117, 119, 120, 121, 206"
Barossa,region,specification,WSET_L3_Specification_Official_2026.pdf,RA2,,high,false,Matched official PDF pages: 14
Barossa,region,study-guide,WSET_L3_Study_Guide_Official_2026.pdf,Study Guide p.174,,high,false,"Matched official PDF pages: 174, 175, 206"
Beaujolais,region,specification,WSET_L3_Specification_Official_2026.pdf,RA2,,high,false,"Matched official PDF pages: 12, 15, 23"
Beaujolais,region,study-guide,WSET_L3_Study_Guide_Official_2026.pdf,Study Guide p.43,,high,false,"Matched official PDF pages: 43, 50, 75, 86, 99, 100, 108, 206"
Bordeaux,region,specification,WSET_L3_Specification_Official_2026.pdf,RA2,,high,false,"Matched official PDF pages: 12, 23"
Bordeaux,region,study-guide,WSET_L3_Study_Guide_Official_2026.pdf,Study Guide p.39,,high,false,"Matched official PDF pages: 39, 40, 45, 49, 66, 69, 75, 76, 82, 83, 86, 87 (+15 more)"
Burgundy,region,study-guide,WSET_L3_Study_Guide_Official_2026.pdf,Study Guide p.69,,high,false,"Matched official PDF pages: 69, 70, 77, 83, 84, 89, 94, 95, 96, 98, 188, 189 (+1 more)"
California,region,specification,WSET_L3_Specification_Official_2026.pdf,RA2,,high,false,"Matched official PDF pages: 14, 18"
California,region,study-guide,WSET_L3_Study_Guide_Official_2026.pdf,Study Guide p.34,,high,false,"Matched official PDF pages: 34, 39, 40, 66, 69, 76, 77, 84, 151, 152, 153, 154 (+4 more)"
Canada,region,specification,WSET_L3_Specification_Official_2026.pdf,RA2,Canada,medium,false,"Matched official PDF pages: 14, 16, 17"
Canada,region,study-guide,WSET_L3_Study_Guide_Official_2026.pdf,Study Guide p.31,,high,false,"Matched official PDF pages: 31, 159, 160, 206"
Central Italy,region,study-guide,WSET_L3_Study_Guide_Official_2026.pdf,Study Guide p.135,,high,false,"Matched official PDF pages: 135, 206"
Champagne,region,specification,WSET_L3_Specification_Official_2026.pdf,RA3,,high,false,"Matched official PDF pages: 18, 19, 25, 28"
Champagne,region,study-guide,WSET_L3_Study_Guide_Official_2026.pdf,Study Guide p.22,,high,false,"Matched official PDF pages: 22, 40, 50, 55, 187, 188, 189, 190, 191, 192, 206, 209"
Chile,region,specification,WSET_L3_Specification_Official_2026.pdf,RA2,,high,false,"Matched official PDF pages: 14, 16, 17"
Chile,region,study-guide,WSET_L3_Study_Guide_Official_2026.pdf,Study Guide p.31,,high,false,"Matched official PDF pages: 31, 33, 34, 40, 66, 69, 76, 77, 78, 161, 162, 163 (+4 more)"
Dordogne,region,study-guide,WSET_L3_Study_Guide_Official_2026.pdf,Study Guide p.88,,high,false,"Matched official PDF pages: 88, 91, 92, 207"
France,region,specification,WSET_L3_Specification_Official_2026.pdf,RA2,,high,false,Matched official PDF pages: 17
France,region,study-guide,WSET_L3_Study_Guide_Official_2026.pdf,Study Guide p.39,,high,false,"Matched official PDF pages: 39, 40, 43, 51, 55, 66, 69, 70, 76, 78, 83, 84 (+18 more)"
Franken,region,specification,WSET_L3_Specification_Official_2026.pdf,RA2,,high,false,Matched official PDF pages: 13
Franken,region,study-guide,WSET_L3_Study_Guide_Official_2026.pdf,Study Guide p.119,,high,false,"Matched official PDF pages: 119, 121, 207"
Greece,region,study-guide,WSET_L3_Study_Guide_Official_2026.pdf,Study Guide p.127,,high,false,"Matched official PDF pages: 127, 128, 207"
Italy,region,study-guide,WSET_L3_Study_Guide_Official_2026.pdf,Study Guide p.69,,high,false,"Matched official PDF pages: 69, 70, 76, 86, 114, 129, 130, 131, 132, 135, 136, 138 (+7 more)"
Languedoc-Roussillon,region,study-guide,WSET_L3_Study_Guide_Official_2026.pdf,Study Guide p.114,Languedoc and Roussillon,medium,false,Matched official PDF pages: 114
Loire Valley,region,study-guide,WSET_L3_Study_Guide_Official_2026.pdf,Study Guide p.66,,high,false,"Matched official PDF pages: 66, 104, 190, 207"
Mendoza,region,specification,WSET_L3_Specification_Official_2026.pdf,RA2,,high,false,Matched official PDF pages: 14
Mendoza,region,study-guide,WSET_L3_Study_Guide_Official_2026.pdf,Study Guide p.39,,high,false,"Matched official PDF pages: 39, 165, 166, 167, 168, 208"
Mosel,region,study-guide,WSET_L3_Study_Guide_Official_2026.pdf,Study Guide p.51,,high,false,"Matched official PDF pages: 51, 119, 120, 208"
Nahe,region,specification,WSET_L3_Specification_Official_2026.pdf,RA2,,high,false,Matched official PDF pages: 13
Nahe,region,study-guide,WSET_L3_Study_Guide_Official_2026.pdf,Study Guide p.120,,high,false,"Matched official PDF pages: 120, 208"
New Zealand,region,study-guide,WSET_L3_Study_Guide_Official_2026.pdf,Study Guide p.62,,high,false,"Matched official PDF pages: 62, 66, 68, 69, 70, 76, 77, 179, 180, 181, 192, 208 (+1 more)"
Northern Italy,region,study-guide,WSET_L3_Study_Guide_Official_2026.pdf,Study Guide p.130,,high,false,"Matched official PDF pages: 130, 131, 132, 208"
Northern Rhône,region,study-guide,WSET_L3_Study_Guide_Official_2026.pdf,Study Guide p.51,Northern Rhone,medium,false,"Matched official PDF pages: 51, 78, 108, 109, 110, 111, 208"
Oregon,region,specification,WSET_L3_Specification_Official_2026.pdf,RA2,Oregon,medium,false,Matched official PDF pages: 14
Oregon,region,study-guide,WSET_L3_Study_Guide_Official_2026.pdf,Study Guide p.69,,high,false,"Matched official PDF pages: 69, 151, 157, 158, 208"
Pfalz,region,specification,WSET_L3_Specification_Official_2026.pdf,RA2,,high,false,Matched official PDF pages: 13
Pfalz,region,study-guide,WSET_L3_Study_Guide_Official_2026.pdf,Study Guide p.119,,high,false,"Matched official PDF pages: 119, 120, 208"
Portugal,region,specification,WSET_L3_Specification_Official_2026.pdf,RA2,,high,false,"Matched official PDF pages: 13, 16, 20, 24, 25"
Portugal,region,study-guide,WSET_L3_Study_Guide_Official_2026.pdf,Study Guide p.51,,high,false,"Matched official PDF pages: 51, 142, 145, 148, 149, 150, 200, 208"
Rheingau,region,specification,WSET_L3_Specification_Official_2026.pdf,RA2,,high,false,Matched official PDF pages: 13
Rheingau,region,study-guide,WSET_L3_Study_Guide_Official_2026.pdf,Study Guide p.119,,high,false,"Matched official PDF pages: 119, 120, 208"
Rheinhessen,region,specification,WSET_L3_Specification_Official_2026.pdf,RA2,,high,false,Matched official PDF pages: 13
Rheinhessen,region,study-guide,WSET_L3_Study_Guide_Official_2026.pdf,Study Guide p.119,,high,false,"Matched official PDF pages: 119, 120, 208"
Rhône,region,specification,WSET_L3_Specification_Official_2026.pdf,RA2,,high,false,"Matched official PDF pages: 12, 23"
Rhône,region,study-guide,WSET_L3_Study_Guide_Official_2026.pdf,Study Guide p.43,Rhone,medium,false,"Matched official PDF pages: 43, 51, 78, 108, 109, 110, 111, 112, 113, 114, 115, 155 (+7 more)"
South Africa,region,study-guide,WSET_L3_Study_Guide_Official_2026.pdf,Study Guide p.33,,high,false,"Matched official PDF pages: 33, 40, 66, 77, 78, 169, 170, 171, 172, 192, 206, 209"
Southern France,region,study-guide,WSET_L3_Study_Guide_Official_2026.pdf,Study Guide p.114,,high,false,"Matched official PDF pages: 114, 115, 116, 209"
Southern Italy,region,study-guide,WSET_L3_Study_Guide_Official_2026.pdf,Study Guide p.138,,high,false,"Matched official PDF pages: 138, 209"
Southern Rhône,region,study-guide,WSET_L3_Study_Guide_Official_2026.pdf,Study Guide p.43,Southern Rhone,medium,false,"Matched official PDF pages: 43, 78, 108, 111, 112, 113, 209"
Spain,region,study-guide,WSET_L3_Study_Guide_Official_2026.pdf,SAT chapter,,high,false,"Matched official PDF pages: 14, 30, 76, 78, 92, 115, 140, 141, 142, 143, 144, 145 (+9 more)"
Tokaj,region,specification,WSET_L3_Specification_Official_2026.pdf,RA2,,high,false,"Matched official PDF pages: 13, 15, 24"
Tokaj,region,study-guide,WSET_L3_Study_Guide_Official_2026.pdf,Study Guide p.125,,high,false,"Matched official PDF pages: 125, 126, 209"
Tuscany,region,study-guide,WSET_L3_Study_Guide_Official_2026.pdf,Study Guide p.135,,high,false,"Matched official PDF pages: 135, 136, 137, 209"
USA,region,study-guide,WSET_L3_Study_Guide_Official_2026.pdf,Study Guide p.68,,high,false,"Matched official PDF pages: 68, 69, 78, 96, 101, 151, 152, 157, 158, 192, 209"
Veneto,region,specification,WSET_L3_Specification_Official_2026.pdf,RA2,,high,false,"Matched official PDF pages: 13, 15, 24"
Veneto,region,study-guide,WSET_L3_Study_Guide_Official_2026.pdf,Study Guide p.70,,high,false,"Matched official PDF pages: 70, 130, 131, 132, 191, 209"
Washington,region,specification,WSET_L3_Specification_Official_2026.pdf,RA2,,high,false,Matched official PDF pages: 14
Washington,region,study-guide,WSET_L3_Study_Guide_Official_2026.pdf,Study Guide p.68,,high,false,"Matched official PDF pages: 68, 78, 151, 157, 209"
Western Australia,region,specification,WSET_L3_Specification_Official_2026.pdf,RA2,,high,false,Matched official PDF pages: 14
Western Australia,region,study-guide,WSET_L3_Study_Guide_Official_2026.pdf,Study Guide p.66,,high,false,"Matched official PDF pages: 66, 69, 174, 177, 209"
Western Cape,region,specification,WSET_L3_Specification_Official_2026.pdf,RA2,,high,false,Matched official PDF pages: 14
Western Cape,region,study-guide,WSET_L3_Study_Guide_Official_2026.pdf,Study Guide p.170,,high,false,"Matched official PDF pages: 170, 192, 209"
Acidez,sat_term,sat,WSET_L3_SAT_Official_2016.pdf,Unit 2 SAT,,high,false,Matched official PDF pages: 1
acidity,sat_term,study-guide,WSET_L3_Study_Guide_Official_2026.pdf,SAT chapter,,high,false,"Matched official PDF pages: 10, 11, 13, 14, 15"
Alcohol,sat_term,sat,WSET_L3_SAT_Official_2016.pdf,Unit 2 SAT,,high,false,Matched official PDF pages: 1
Alcohol,sat_term,study-guide,WSET_L3_Study_Guide_Official_2026.pdf,SAT chapter,,high,false,"Matched official PDF pages: 10, 12, 14, 15"
ámbar,sat_term,sat,WSET_L3_SAT_Official_2016.pdf,Unit 2 SAT,,high,false,Matched official PDF pages: 1
arándano azul,sat_term,sat,WSET_L3_SAT_Official_2016.pdf,Unit 2 SAT,,high,false,Matched official PDF pages: 2
baja,sat_term,sat,WSET_L3_SAT_Official_2016.pdf,Unit 2 SAT,,high,false,Matched official PDF pages: 1
balance,sat_term,study-guide,WSET_L3_Study_Guide_Official_2026.pdf,SAT chapter,,high,false,"Matched official PDF pages: 12, 14, 15"
burbujas,sat_term,sat,WSET_L3_SAT_Official_2016.pdf,Unit 2 SAT,,high,false,Matched official PDF pages: 1
Calidad,sat_term,sat,WSET_L3_SAT_Official_2016.pdf,Unit 2 SAT,,high,false,Matched official PDF pages: 1
Características del aroma,sat_term,sat,WSET_L3_SAT_Official_2016.pdf,Unit 2 SAT,,high,false,Matched official PDF pages: 1
Características del sabor,sat_term,sat,WSET_L3_SAT_Official_2016.pdf,Unit 2 SAT,,high,false,Matched official PDF pages: 1
claro,sat_term,sat,WSET_L3_SAT_Official_2016.pdf,Unit 2 SAT,,high,false,Matched official PDF pages: 1
Color,sat_term,sat,WSET_L3_SAT_Official_2016.pdf,Unit 2 SAT,,high,false,Matched official PDF pages: 1
complexity,sat_term,study-guide,WSET_L3_Study_Guide_Official_2026.pdf,SAT chapter,,high,false,"Matched official PDF pages: 12, 13"
Condición,sat_term,sat,WSET_L3_SAT_Official_2016.pdf,Unit 2 SAT,,high,false,Matched official PDF pages: 1
Cuerpo,sat_term,sat,WSET_L3_SAT_Official_2016.pdf,Unit 2 SAT,,high,false,Matched official PDF pages: 1
Dulzor,sat_term,sat,WSET_L3_SAT_Official_2016.pdf,Unit 2 SAT,,high,false,Matched official PDF pages: 1
Evolución,sat_term,sat,WSET_L3_SAT_Official_2016.pdf,Unit 2 SAT,,high,false,"Matched official PDF pages: 1, 2"
Final,sat_term,sat,WSET_L3_SAT_Official_2016.pdf,Unit 2 SAT,,high,false,Matched official PDF pages: 1
floral,sat_term,sat,WSET_L3_SAT_Official_2016.pdf,Unit 2 SAT,,high,false,Matched official PDF pages: 2
floral,sat_term,study-guide,WSET_L3_Study_Guide_Official_2026.pdf,SAT chapter,,high,false,Matched official PDF pages: 14
Fruta cítrica,sat_term,sat,WSET_L3_SAT_Official_2016.pdf,Unit 2 SAT,,high,false,Matched official PDF pages: 2
Fruta de hueso,sat_term,sat,WSET_L3_SAT_Official_2016.pdf,Unit 2 SAT,,high,false,Matched official PDF pages: 2
Fruta negra,sat_term,sat,WSET_L3_SAT_Official_2016.pdf,Unit 2 SAT,,high,false,Matched official PDF pages: 2
Fruta roja,sat_term,sat,WSET_L3_SAT_Official_2016.pdf,Unit 2 SAT,,high,false,Matched official PDF pages: 2
Fruta tropical,sat_term,sat,WSET_L3_SAT_Official_2016.pdf,Unit 2 SAT,,high,false,Matched official PDF pages: 2
Fruta verde,sat_term,sat,WSET_L3_SAT_Official_2016.pdf,Unit 2 SAT,,high,false,Matched official PDF pages: 2
Intensidad,sat_term,sat,WSET_L3_SAT_Official_2016.pdf,Unit 2 SAT,,high,false,Matched official PDF pages: 1
Intensidad del sabor,sat_term,sat,WSET_L3_SAT_Official_2016.pdf,Unit 2 SAT,,high,false,Matched official PDF pages: 1
limpia,sat_term,sat,WSET_L3_SAT_Official_2016.pdf,Unit 2 SAT,,high,false,Matched official PDF pages: 1
media,sat_term,sat,WSET_L3_SAT_Official_2016.pdf,Unit 2 SAT,,high,false,Matched official PDF pages: 1
medio,sat_term,sat,WSET_L3_SAT_Official_2016.pdf,Unit 2 SAT,,high,false,Matched official PDF pages: 1
Mousse,sat_term,study-guide,WSET_L3_Study_Guide_Official_2026.pdf,SAT chapter,,high,false,Matched official PDF pages: 15
NARIZ,sat_term,sat,WSET_L3_SAT_Official_2016.pdf,Unit 2 SAT,,high,false,Matched official PDF pages: 1
Nivel de calidad,sat_term,sat,WSET_L3_SAT_Official_2016.pdf,Unit 2 SAT,,high,false,Matched official PDF pages: 1
Otras observaciones,sat_term,sat,WSET_L3_SAT_Official_2016.pdf,Unit 2 SAT,,high,false,Matched official PDF pages: 1
primario,sat_term,sat,WSET_L3_SAT_Official_2016.pdf,Unit 2 SAT,,high,false,"Matched official PDF pages: 1, 2"
pronunciada,sat_term,sat,WSET_L3_SAT_Official_2016.pdf,Unit 2 SAT,,high,false,Matched official PDF pages: 1
roble,sat_term,sat,WSET_L3_SAT_Official_2016.pdf,Unit 2 SAT,,high,false,Matched official PDF pages: 2
secundario,sat_term,sat,WSET_L3_SAT_Official_2016.pdf,Unit 2 SAT,,high,false,"Matched official PDF pages: 1, 2"
Tanino,sat_term,sat,WSET_L3_SAT_Official_2016.pdf,Unit 2 SAT,,high,false,Matched official PDF pages: 1
tannin,sat_term,study-guide,WSET_L3_Study_Guide_Official_2026.pdf,SAT chapter,,high,false,"Matched official PDF pages: 10, 15"
terciario,sat_term,sat,WSET_L3_SAT_Official_2016.pdf,Unit 2 SAT,,high,false,"Matched official PDF pages: 1, 2"
acidification,vinification,study-guide,WSET_L3_Study_Guide_Official_2026.pdf,Study Guide p.57,,high,false,"Matched official PDF pages: 57, 65, 206"
alcoholic fermentation,vinification,study-guide,WSET_L3_Study_Guide_Official_2026.pdf,Study Guide p.52,,high,false,"Matched official PDF pages: 52, 53, 57, 58, 73, 182, 183, 197"
anaerobic winemaking,vinification,study-guide,WSET_L3_Study_Guide_Official_2026.pdf,Study Guide p.53,anaerobicw inemaking,medium,false,"Matched official PDF pages: 53, 206"
autolysis,vinification,study-guide,WSET_L3_Study_Guide_Official_2026.pdf,SAT chapter,,high,false,"Matched official PDF pages: 14, 183, 186, 189, 190, 206, 209"
barrel,vinification,study-guide,WSET_L3_Study_Guide_Official_2026.pdf,Study Guide p.55,,high,false,"Matched official PDF pages: 55, 59, 65, 69, 70, 76, 94, 98, 116, 133, 140, 141 (+6 more)"
blending,vinification,study-guide,WSET_L3_Study_Guide_Official_2026.pdf,Study Guide p.58,,high,false,"Matched official PDF pages: 58, 59, 64, 65, 74, 75, 76, 78, 87, 100, 111, 123 (+15 more)"
carbonation,vinification,study-guide,WSET_L3_Study_Guide_Official_2026.pdf,Study Guide p.186,,high,false,"Matched official PDF pages: 186, 191, 192, 206"
carbonic maceration,vinification,study-guide,WSET_L3_Study_Guide_Official_2026.pdf,Study Guide p.73,,high,false,"Matched official PDF pages: 73, 75, 99, 100, 140, 143"
chaptalisation,vinification,study-guide,WSET_L3_Study_Guide_Official_2026.pdf,Study Guide p.56,,high,false,"Matched official PDF pages: 56, 206"
clarification,vinification,study-guide,WSET_L3_Study_Guide_Official_2026.pdf,Study Guide p.59,,high,false,"Matched official PDF pages: 59, 64, 68, 70, 75, 206"
crushing,vinification,study-guide,WSET_L3_Study_Guide_Official_2026.pdf,Study Guide p.55,,high,false,"Matched official PDF pages: 55, 149, 182, 207"
deacidification,vinification,study-guide,WSET_L3_Study_Guide_Official_2026.pdf,Study Guide p.57,,high,false,"Matched official PDF pages: 57, 207"
destemming,vinification,study-guide,WSET_L3_Study_Guide_Official_2026.pdf,Study Guide p.55,,high,false,"Matched official PDF pages: 55, 207"
dosage,vinification,specification,WSET_L3_Specification_Official_2026.pdf,RA3,,high,false,Matched official PDF pages: 19
dosage,vinification,study-guide,WSET_L3_Study_Guide_Official_2026.pdf,Study Guide p.183,,high,false,Matched official PDF pages: 183
fermentation,vinification,study-guide,WSET_L3_Study_Guide_Official_2026.pdf,SAT chapter,,high,false,"Matched official PDF pages: 12, 13, 14, 16, 50, 52, 53, 55, 56, 57, 58, 59 (+43 more)"
filtration,vinification,study-guide,WSET_L3_Study_Guide_Official_2026.pdf,Study Guide p.57,,high,false,"Matched official PDF pages: 57, 59, 60, 61, 64, 65, 75, 197, 207, 209"
fining,vinification,study-guide,WSET_L3_Study_Guide_Official_2026.pdf,Study Guide p.59,,high,false,"Matched official PDF pages: 59, 60, 61, 64, 75, 197, 202, 207"
fortification,vinification,study-guide,WSET_L3_Study_Guide_Official_2026.pdf,Study Guide p.194,,high,false,"Matched official PDF pages: 194, 200, 201, 204, 207, 208, 209"
free run juice,vinification,study-guide,WSET_L3_Study_Guide_Official_2026.pdf,Study Guide p.55,,high,false,"Matched official PDF pages: 55, 64, 207"
lees ageing,vinification,study-guide,WSET_L3_Study_Guide_Official_2026.pdf,SAT chapter,lees contact,medium,false,"Matched official PDF pages: 14, 64, 69, 106, 188, 189, 191"
malolactic conversion,vinification,study-guide,WSET_L3_Study_Guide_Official_2026.pdf,SAT chapter,malolactic fermentation; MLF,medium,false,"Matched official PDF pages: 12, 14, 16, 58, 59, 61, 64, 65, 69, 70, 71, 72 (+14 more)"
malolactic fermentation,vinification,study-guide,WSET_L3_Study_Guide_Official_2026.pdf,SAT chapter,,high,false,"Matched official PDF pages: 12, 14, 58, 59, 64, 72, 207, 208"
maturation,vinification,study-guide,WSET_L3_Study_Guide_Official_2026.pdf,Study Guide p.52,,high,false,"Matched official PDF pages: 52, 53, 54, 55, 56, 58, 59, 60, 62, 63, 64, 66 (+25 more)"
oak,vinification,study-guide,WSET_L3_Study_Guide_Official_2026.pdf,SAT chapter,,high,false,"Matched official PDF pages: 14, 16, 18, 20, 22, 53, 55, 59, 64, 65, 66, 68 (+79 more)"
oxidation,vinification,study-guide,WSET_L3_Study_Guide_Official_2026.pdf,SAT chapter,,high,false,"Matched official PDF pages: 13, 50, 53, 55, 59, 61, 62, 64, 65, 68, 70, 75 (+6 more)"
pressing,vinification,study-guide,WSET_L3_Study_Guide_Official_2026.pdf,Study Guide p.55,,high,false,"Matched official PDF pages: 55, 56, 72, 73, 74, 104, 107, 182, 189, 208"
pumping over,vinification,study-guide,WSET_L3_Study_Guide_Official_2026.pdf,Study Guide p.57,,high,false,"Matched official PDF pages: 57, 72, 200, 208"
punching down,vinification,study-guide,WSET_L3_Study_Guide_Official_2026.pdf,Study Guide p.72,,high,false,"Matched official PDF pages: 72, 73, 79, 208"
rack and return,vinification,study-guide,WSET_L3_Study_Guide_Official_2026.pdf,Study Guide p.72,,high,false,"Matched official PDF pages: 72, 208"
racking,vinification,study-guide,WSET_L3_Study_Guide_Official_2026.pdf,Study Guide p.59,,high,false,"Matched official PDF pages: 59, 208"
red winemaking,vinification,study-guide,WSET_L3_Study_Guide_Official_2026.pdf,Study Guide p.64,,high,false,"Matched official PDF pages: 64, 72, 73, 208"
reduction,vinification,study-guide,WSET_L3_Study_Guide_Official_2026.pdf,SAT chapter,,high,false,"Matched official PDF pages: 13, 208"
riddling,vinification,study-guide,WSET_L3_Study_Guide_Official_2026.pdf,Study Guide p.183,,high,false,"Matched official PDF pages: 183, 184, 208"
second alcoholic fermentation,vinification,study-guide,WSET_L3_Study_Guide_Official_2026.pdf,Study Guide p.183,,high,false,Matched official PDF pages: 183
sedimentation,vinification,study-guide,WSET_L3_Study_Guide_Official_2026.pdf,Study Guide p.58,,high,false,"Matched official PDF pages: 58, 59, 75, 209"
semi-carbonic maceration,vinification,study-guide,WSET_L3_Study_Guide_Official_2026.pdf,Study Guide p.73,,high,false,"Matched official PDF pages: 73, 75, 143"
skin contact,vinification,study-guide,WSET_L3_Study_Guide_Official_2026.pdf,Study Guide p.20,,high,false,"Matched official PDF pages: 20, 64, 68, 142, 204, 209"
sorting,vinification,study-guide,WSET_L3_Study_Guide_Official_2026.pdf,Study Guide p.50,,high,false,"Matched official PDF pages: 50, 55, 209"
stabilisation,vinification,study-guide,WSET_L3_Study_Guide_Official_2026.pdf,Study Guide p.60,,high,false,"Matched official PDF pages: 60, 64, 74, 75, 209"
traditional method,vinification,study-guide,WSET_L3_Study_Guide_Official_2026.pdf,Study Guide p.99,,high,false,"Matched official PDF pages: 99, 105, 154, 165, 182, 184, 186, 189, 190, 191, 192, 200 (+1 more)"
transfer method,vinification,study-guide,WSET_L3_Study_Guide_Official_2026.pdf,Study Guide p.184,,high,false,"Matched official PDF pages: 184, 186, 209"
white winemaking,vinification,study-guide,WSET_L3_Study_Guide_Official_2026.pdf,Study Guide p.51,,high,false,"Matched official PDF pages: 51, 64, 72, 121, 209"
whole bunch fermentation,vinification,study-guide,WSET_L3_Study_Guide_Official_2026.pdf,Study Guide p.51,whole bunch,medium,false,"Matched official PDF pages: 51, 73, 207, 209"
bench grafting,viticulture,study-guide,WSET_L3_Study_Guide_Official_2026.pdf,Study Guide p.32,,high,false,"Matched official PDF pages: 32, 206"
Botrytis cinerea,viticulture,study-guide,WSET_L3_Study_Guide_Official_2026.pdf,Study Guide p.49,,high,false,"Matched official PDF pages: 49, 206"
budburst,viticulture,study-guide,WSET_L3_Study_Guide_Official_2026.pdf,Study Guide p.33,,high,false,"Matched official PDF pages: 33, 34, 47, 206"
canopy management,viticulture,study-guide,WSET_L3_Study_Guide_Official_2026.pdf,Study Guide p.43,,high,false,"Matched official PDF pages: 43, 49, 87, 148, 177, 179, 206"
clones,viticulture,specification,WSET_L3_Specification_Official_2026.pdf,RA1,,high,false,Matched official PDF pages: 10
clones,viticulture,study-guide,WSET_L3_Study_Guide_Official_2026.pdf,Study Guide p.28,,high,false,"Matched official PDF pages: 28, 70, 77, 206, 209"
crossings,viticulture,study-guide,WSET_L3_Study_Guide_Official_2026.pdf,Study Guide p.31,,high,false,"Matched official PDF pages: 31, 207, 209"
density of planting,viticulture,study-guide,WSET_L3_Study_Guide_Official_2026.pdf,Index,,high,false,Matched official PDF pages: 207
diseases,viticulture,study-guide,WSET_L3_Study_Guide_Official_2026.pdf,Study Guide p.28,,high,false,"Matched official PDF pages: 28, 31, 39, 42, 43, 46, 49, 50, 114, 130, 146, 161 (+5 more)"
flowering,viticulture,study-guide,WSET_L3_Study_Guide_Official_2026.pdf,Study Guide p.33,,high,false,"Matched official PDF pages: 33, 35, 36, 39, 40, 48, 87, 94, 121, 177, 199, 207"
frost,viticulture,study-guide,WSET_L3_Study_Guide_Official_2026.pdf,Study Guide p.35,,high,false,"Matched official PDF pages: 35, 36, 37, 40, 46, 87, 94, 95, 106, 121, 159, 181 (+2 more)"
fruit set,viticulture,study-guide,WSET_L3_Study_Guide_Official_2026.pdf,Study Guide p.33,,high,false,"Matched official PDF pages: 33, 35, 39, 40, 46, 48, 87, 103, 207"
fungal diseases,viticulture,study-guide,WSET_L3_Study_Guide_Official_2026.pdf,Study Guide p.39,,high,false,"Matched official PDF pages: 39, 46, 49, 114, 130, 180, 207, 208"
grafting,viticulture,study-guide,WSET_L3_Study_Guide_Official_2026.pdf,Study Guide p.32,,high,false,"Matched official PDF pages: 32, 206, 207, 209"
grey rot,viticulture,study-guide,WSET_L3_Study_Guide_Official_2026.pdf,Study Guide p.49,,high,false,"Matched official PDF pages: 49, 207"
hail,viticulture,study-guide,WSET_L3_Study_Guide_Official_2026.pdf,Study Guide p.39,,high,false,"Matched official PDF pages: 39, 50, 81, 132, 165, 207"
hand harvesting,viticulture,study-guide,WSET_L3_Study_Guide_Official_2026.pdf,Study Guide p.50,,high,false,"Matched official PDF pages: 50, 51, 207"
harvest,viticulture,study-guide,WSET_L3_Study_Guide_Official_2026.pdf,Study Guide p.39,,high,false,"Matched official PDF pages: 39, 40, 47, 49, 50, 52, 65, 68, 69, 87, 94, 97 (+18 more)"
hybrids,viticulture,study-guide,WSET_L3_Study_Guide_Official_2026.pdf,Study Guide p.31,,high,false,"Matched official PDF pages: 31, 158, 159, 207, 209"
irrigation,viticulture,study-guide,WSET_L3_Study_Guide_Official_2026.pdf,Study Guide p.34,,high,false,"Matched official PDF pages: 34, 36, 40, 42, 45, 127, 152, 154, 156, 157, 161, 162 (+8 more)"
nematodes,viticulture,study-guide,WSET_L3_Study_Guide_Official_2026.pdf,Study Guide p.31,,high,false,"Matched official PDF pages: 31, 46, 49, 208"
noble rot,viticulture,study-guide,WSET_L3_Study_Guide_Official_2026.pdf,Study Guide p.49,,high,false,"Matched official PDF pages: 49, 50, 88, 91, 102, 105, 106, 117, 118, 119, 125, 126 (+3 more)"
one-year-old wood,viticulture,study-guide,WSET_L3_Study_Guide_Official_2026.pdf,Study Guide p.29,,high,false,"Matched official PDF pages: 29, 30, 43, 208"
organic agriculture,viticulture,study-guide,WSET_L3_Study_Guide_Official_2026.pdf,Study Guide p.49,,high,false,"Matched official PDF pages: 49, 208"
permanent wood,viticulture,study-guide,WSET_L3_Study_Guide_Official_2026.pdf,Study Guide p.29,,high,false,"Matched official PDF pages: 29, 30, 43, 127, 208"
pests,viticulture,study-guide,WSET_L3_Study_Guide_Official_2026.pdf,Study Guide p.31,,high,false,"Matched official PDF pages: 31, 35, 42, 46, 49, 50, 208, 209"
phylloxera,viticulture,study-guide,WSET_L3_Study_Guide_Official_2026.pdf,Study Guide p.28,,high,false,"Matched official PDF pages: 28, 30, 31, 32, 46"
pruning,viticulture,study-guide,WSET_L3_Study_Guide_Official_2026.pdf,Study Guide p.30,,high,false,"Matched official PDF pages: 30, 42, 43, 44, 46, 99, 208, 209"
replacement cane pruning,viticulture,study-guide,WSET_L3_Study_Guide_Official_2026.pdf,Study Guide p.43,,high,false,"Matched official PDF pages: 43, 208"
rootstock,viticulture,study-guide,WSET_L3_Study_Guide_Official_2026.pdf,Study Guide p.31,,high,false,"Matched official PDF pages: 31, 32"
shoots,viticulture,study-guide,WSET_L3_Study_Guide_Official_2026.pdf,Study Guide p.30,,high,false,"Matched official PDF pages: 30, 33, 35, 36, 43, 99, 209"
site selection,viticulture,study-guide,WSET_L3_Study_Guide_Official_2026.pdf,Study Guide p.42,,high,false,"Matched official PDF pages: 42, 192, 209"
summer pruning,viticulture,study-guide,WSET_L3_Study_Guide_Official_2026.pdf,Study Guide p.43,,high,false,"Matched official PDF pages: 43, 209"
training,viticulture,study-guide,WSET_L3_Study_Guide_Official_2026.pdf,Study Guide p.30,,high,false,"Matched official PDF pages: 30, 42, 43, 44, 99, 127, 138, 140, 146, 209"
trellising,viticulture,study-guide,WSET_L3_Study_Guide_Official_2026.pdf,Study Guide p.42,,high,false,"Matched official PDF pages: 42, 43, 111, 130, 138, 146, 148, 179, 209"
vineyard management,viticulture,study-guide,WSET_L3_Study_Guide_Official_2026.pdf,Study Guide p.45,,high,false,Matched official PDF pages: 45
Vitis vinifera,viticulture,study-guide,WSET_L3_Study_Guide_Official_2026.pdf,Study Guide p.28,,high,false,Matched official PDF pages: 28
whole bunch fermentation,viticulture,study-guide,WSET_L3_Study_Guide_Official_2026.pdf,Study Guide p.51,whole bunch,medium,false,"Matched official PDF pages: 51, 73, 207, 209"
AOC,wine_law,specification,WSET_L3_Specification_Official_2026.pdf,RA2,,high,false,Matched official PDF pages: 17
AVA,wine_law,specification,WSET_L3_Specification_Official_2026.pdf,RA2,,high,false,Matched official PDF pages: 17
AVA,wine_law,study-guide,WSET_L3_Study_Guide_Official_2026.pdf,Study Guide p.68,,high,false,"Matched official PDF pages: 68, 84, 154, 155, 156, 157, 158, 192, 206"
Beerenauslese,wine_law,specification,WSET_L3_Specification_Official_2026.pdf,RA2,,high,false,"Matched official PDF pages: 17, 23"
Beerenauslese,wine_law,study-guide,WSET_L3_Study_Guide_Official_2026.pdf,Study Guide p.118,,high,false,Matched official PDF pages: 118
Brut,wine_law,specification,WSET_L3_Specification_Official_2026.pdf,RA3,,high,false,Matched official PDF pages: 19
Brut,wine_law,study-guide,WSET_L3_Study_Guide_Official_2026.pdf,SAT chapter,,high,false,"Matched official PDF pages: 14, 183, 186, 190, 191"
Brut Nature,wine_law,specification,WSET_L3_Specification_Official_2026.pdf,RA3,,high,false,Matched official PDF pages: 19
Brut Nature,wine_law,study-guide,WSET_L3_Study_Guide_Official_2026.pdf,Study Guide p.183,,high,false,Matched official PDF pages: 183
Classico,wine_law,specification,WSET_L3_Specification_Official_2026.pdf,RA2,,high,false,"Matched official PDF pages: 13, 17, 24"
Classico,wine_law,study-guide,WSET_L3_Study_Guide_Official_2026.pdf,Study Guide p.132,,high,false,"Matched official PDF pages: 132, 135, 136, 206, 209"
Costa,wine_law,specification,WSET_L3_Specification_Official_2026.pdf,RA2,,high,false,Matched official PDF pages: 17
Costa,wine_law,study-guide,WSET_L3_Study_Guide_Official_2026.pdf,Study Guide p.161,,high,false,"Matched official PDF pages: 161, 207"
Crianza,wine_law,specification,WSET_L3_Specification_Official_2026.pdf,RA1,,high,false,"Matched official PDF pages: 11, 17, 20, 23, 29"
Crianza,wine_law,study-guide,WSET_L3_Study_Guide_Official_2026.pdf,Study Guide p.141,,high,false,"Matched official PDF pages: 141, 207"
DAC,wine_law,specification,WSET_L3_Specification_Official_2026.pdf,RA2,,high,false,Matched official PDF pages: 17
DAC,wine_law,study-guide,WSET_L3_Study_Guide_Official_2026.pdf,Study Guide p.123,,high,false,"Matched official PDF pages: 123, 124, 207"
Demi-sec,wine_law,specification,WSET_L3_Specification_Official_2026.pdf,RA3,,high,false,Matched official PDF pages: 19
Demi-sec,wine_law,study-guide,WSET_L3_Study_Guide_Official_2026.pdf,Study Guide p.186,,high,false,Matched official PDF pages: 186
DOC,wine_law,specification,WSET_L3_Specification_Official_2026.pdf,RA2,,high,false,Matched official PDF pages: 17
DOC,wine_law,study-guide,WSET_L3_Study_Guide_Official_2026.pdf,Study Guide p.130,,high,false,"Matched official PDF pages: 130, 131, 132, 133, 136, 137, 138, 139, 148, 150, 191, 207"
DOCa,wine_law,specification,WSET_L3_Specification_Official_2026.pdf,RA2,,high,false,Matched official PDF pages: 17
DOCa,wine_law,study-guide,WSET_L3_Study_Guide_Official_2026.pdf,Index,,high,false,Matched official PDF pages: 207
DOCG,wine_law,specification,WSET_L3_Specification_Official_2026.pdf,RA2,,high,false,Matched official PDF pages: 17
DOCG,wine_law,study-guide,WSET_L3_Study_Guide_Official_2026.pdf,Study Guide p.132,,high,false,"Matched official PDF pages: 132, 133, 134, 135, 136, 137, 138, 191, 207"
DOQ,wine_law,specification,WSET_L3_Specification_Official_2026.pdf,RA2,,high,false,Matched official PDF pages: 17
DOQ,wine_law,study-guide,WSET_L3_Study_Guide_Official_2026.pdf,Index,,high,false,Matched official PDF pages: 207
Eiswein,wine_law,specification,WSET_L3_Specification_Official_2026.pdf,RA2,,high,false,"Matched official PDF pages: 17, 23"
Eiswein,wine_law,study-guide,WSET_L3_Study_Guide_Official_2026.pdf,Study Guide p.118,,high,false,"Matched official PDF pages: 118, 119, 207"
Entre Cordilleras,wine_law,specification,WSET_L3_Specification_Official_2026.pdf,RA2,,high,false,Matched official PDF pages: 17
Entre Cordilleras,wine_law,study-guide,WSET_L3_Study_Guide_Official_2026.pdf,Index,,high,false,Matched official PDF pages: 207
Eszencia,wine_law,specification,WSET_L3_Specification_Official_2026.pdf,RA2,,high,false,Matched official PDF pages: 17
Eszencia,wine_law,study-guide,WSET_L3_Study_Guide_Official_2026.pdf,Study Guide p.126,,high,false,"Matched official PDF pages: 126, 207"
Gran Reserva,wine_law,specification,WSET_L3_Specification_Official_2026.pdf,RA2,,high,false,"Matched official PDF pages: 17, 24"
Gran Reserva,wine_law,study-guide,WSET_L3_Study_Guide_Official_2026.pdf,Index,,high,false,Matched official PDF pages: 207
Grand Cru,wine_law,specification,WSET_L3_Specification_Official_2026.pdf,RA2,,high,false,"Matched official PDF pages: 12, 17, 19, 23"
Grand Cru,wine_law,study-guide,WSET_L3_Study_Guide_Official_2026.pdf,Study Guide p.94,,high,false,"Matched official PDF pages: 94, 96, 97, 101, 102, 188, 206, 208"
Grosses Gewächs,wine_law,specification,WSET_L3_Specification_Official_2026.pdf,RA2,,high,false,Matched official PDF pages: 17
IGP,wine_law,specification,WSET_L3_Specification_Official_2026.pdf,RA2,,high,false,"Matched official PDF pages: 17, 23"
IGP,wine_law,study-guide,WSET_L3_Study_Guide_Official_2026.pdf,Study Guide p.84,,high,false,"Matched official PDF pages: 84, 86, 92, 104, 114, 115, 116, 129, 133, 148, 207"
IGT,wine_law,specification,WSET_L3_Specification_Official_2026.pdf,RA2,,high,false,Matched official PDF pages: 17
IGT,wine_law,study-guide,WSET_L3_Study_Guide_Official_2026.pdf,Study Guide p.131,,high,false,"Matched official PDF pages: 131, 133, 136, 138, 139, 207, 209"
Indication géographique protégée,wine_law,study-guide,WSET_L3_Study_Guide_Official_2026.pdf,Study Guide p.84,Indication geographique protegee,medium,false,"Matched official PDF pages: 84, 207"
Joven,wine_law,sat,WSET_L3_SAT_Official_2016.pdf,Unit 2 SAT,,high,false,Matched official PDF pages: 1
Joven,wine_law,specification,WSET_L3_Specification_Official_2026.pdf,RA2,,high,false,"Matched official PDF pages: 17, 22"
Joven,wine_law,study-guide,WSET_L3_Study_Guide_Official_2026.pdf,Study Guide p.141,,high,false,"Matched official PDF pages: 141, 143"
Kabinett,wine_law,specification,WSET_L3_Specification_Official_2026.pdf,RA2,,high,false,"Matched official PDF pages: 17, 23"
Kabinett,wine_law,study-guide,WSET_L3_Study_Guide_Official_2026.pdf,Study Guide p.117,,high,false,"Matched official PDF pages: 117, 118, 207"
Late Bottled Vintage,wine_law,specification,WSET_L3_Specification_Official_2026.pdf,RA4/RA5,,high,false,"Matched official PDF pages: 20, 25"
Late Bottled Vintage,wine_law,study-guide,WSET_L3_Study_Guide_Official_2026.pdf,Study Guide p.202,,high,false,"Matched official PDF pages: 202, 207"
Non-Vintage,wine_law,specification,WSET_L3_Specification_Official_2026.pdf,RA3,,high,false,"Matched official PDF pages: 19, 25"
Non-Vintage,wine_law,study-guide,WSET_L3_Study_Guide_Official_2026.pdf,Study Guide p.183,,high,false,"Matched official PDF pages: 183, 186, 189, 190, 191, 192, 202"
Prädikatswein,wine_law,specification,WSET_L3_Specification_Official_2026.pdf,RA2,,high,false,Matched official PDF pages: 17
Premier cru,wine_law,specification,WSET_L3_Specification_Official_2026.pdf,RA2,,high,false,"Matched official PDF pages: 17, 19, 23"
Premier cru,wine_law,study-guide,WSET_L3_Study_Guide_Official_2026.pdf,Study Guide p.96,,high,false,"Matched official PDF pages: 96, 98, 188, 208"
Qualitätswein,wine_law,specification,WSET_L3_Specification_Official_2026.pdf,RA2,,high,false,Matched official PDF pages: 17
Reserva,wine_law,specification,WSET_L3_Specification_Official_2026.pdf,RA2,,high,false,"Matched official PDF pages: 17, 20, 24, 32"
Reserva,wine_law,study-guide,WSET_L3_Study_Guide_Official_2026.pdf,Study Guide p.161,,high,false,"Matched official PDF pages: 161, 202, 207, 208"
Riserva,wine_law,specification,WSET_L3_Specification_Official_2026.pdf,RA2,,high,false,"Matched official PDF pages: 17, 24"
Riserva,wine_law,study-guide,WSET_L3_Study_Guide_Official_2026.pdf,Study Guide p.136,,high,false,"Matched official PDF pages: 136, 208"
Ruby,wine_law,specification,WSET_L3_Specification_Official_2026.pdf,RA4/RA5,,high,false,Matched official PDF pages: 20
Ruby,wine_law,study-guide,WSET_L3_Study_Guide_Official_2026.pdf,SAT chapter,,high,false,"Matched official PDF pages: 10, 12, 15, 127, 156, 201, 202, 208"
sélection de grains nobles,wine_law,specification,WSET_L3_Specification_Official_2026.pdf,RA2,,high,false,"Matched official PDF pages: 17, 23"
sélection de grains nobles,wine_law,study-guide,WSET_L3_Study_Guide_Official_2026.pdf,Index,selection de grains nobles,medium,false,Matched official PDF pages: 209
Spätlese,wine_law,specification,WSET_L3_Specification_Official_2026.pdf,RA2,,high,false,"Matched official PDF pages: 17, 23"
Spätlese,wine_law,study-guide,WSET_L3_Study_Guide_Official_2026.pdf,Study Guide p.118,Spatlese,medium,false,Matched official PDF pages: 118
sur lie,wine_law,specification,WSET_L3_Specification_Official_2026.pdf,RA2,,high,false,"Matched official PDF pages: 17, 23"
sur lie,wine_law,study-guide,WSET_L3_Study_Guide_Official_2026.pdf,Study Guide p.106,,high,false,Matched official PDF pages: 106
Tawny,wine_law,specification,WSET_L3_Specification_Official_2026.pdf,RA4/RA5,,high,false,"Matched official PDF pages: 20, 25"
Tawny,wine_law,study-guide,WSET_L3_Study_Guide_Official_2026.pdf,SAT chapter,,high,false,"Matched official PDF pages: 12, 14, 15, 53, 127, 201, 202, 203, 209"
Tokaji Aszú,wine_law,specification,WSET_L3_Specification_Official_2026.pdf,RA2,,high,false,"Matched official PDF pages: 17, 24"
Tokaji Aszú,wine_law,study-guide,WSET_L3_Study_Guide_Official_2026.pdf,Study Guide p.126,Tokaji Aszu,medium,false,Matched official PDF pages: 126
Trockenbeerenauslese,wine_law,specification,WSET_L3_Specification_Official_2026.pdf,RA2,,high,false,Matched official PDF pages: 17
Trockenbeerenauslese,wine_law,study-guide,WSET_L3_Study_Guide_Official_2026.pdf,Study Guide p.118,,high,false,Matched official PDF pages: 118
VDP,wine_law,specification,WSET_L3_Specification_Official_2026.pdf,RA2,,high,false,"Matched official PDF pages: 17, 23"
vendanges tardives,wine_law,specification,WSET_L3_Specification_Official_2026.pdf,RA2,,high,false,"Matched official PDF pages: 17, 23"
Vin de France,wine_law,specification,WSET_L3_Specification_Official_2026.pdf,RA2,,high,false,Matched official PDF pages: 17
Vin de Pays,wine_law,specification,WSET_L3_Specification_Official_2026.pdf,RA2,,high,false,Matched official PDF pages: 17
Vin de Pays,wine_law,study-guide,WSET_L3_Study_Guide_Official_2026.pdf,Study Guide p.84,,high,false,Matched official PDF pages: 84
Vino de la Tierra,wine_law,specification,WSET_L3_Specification_Official_2026.pdf,RA2,,high,false,Matched official PDF pages: 17
Vinos de Pago,wine_law,specification,WSET_L3_Specification_Official_2026.pdf,RA2,,high,false,Matched official PDF pages: 17
Vintage,wine_law,specification,WSET_L3_Specification_Official_2026.pdf,RA3,,high,false,"Matched official PDF pages: 19, 20, 25"
Vintage,wine_law,study-guide,WSET_L3_Study_Guide_Official_2026.pdf,SAT chapter,,high,false,"Matched official PDF pages: 14, 32, 50, 60, 63, 65, 68, 83, 87, 94, 99, 102 (+17 more)"
VQA,wine_law,specification,WSET_L3_Specification_Official_2026.pdf,RA2,,high,false,Matched official PDF pages: 17
VQA,wine_law,study-guide,WSET_L3_Study_Guide_Official_2026.pdf,Study Guide p.159,,high,false,Matched official PDF pages: 159
Wine of Origin,wine_law,specification,WSET_L3_Specification_Official_2026.pdf,RA2,,high,false,Matched official PDF pages: 17
Wine of Origin,wine_law,study-guide,WSET_L3_Study_Guide_Official_2026.pdf,Study Guide p.169,,high,false,"Matched official PDF pages: 169, 209"
